-- phpMyAdmin SQL Dump
-- version 3.4.5
-- http://www.phpmyadmin.net
--
-- Host: localhost
-- Generation Time: May 01, 2012 at 01:30 PM
-- Server version: 5.5.16
-- PHP Version: 5.3.8

SET SQL_MODE="NO_AUTO_VALUE_ON_ZERO";
SET time_zone = "+00:00";


/*!40101 SET @OLD_CHARACTER_SET_CLIENT=@@CHARACTER_SET_CLIENT */;
/*!40101 SET @OLD_CHARACTER_SET_RESULTS=@@CHARACTER_SET_RESULTS */;
/*!40101 SET @OLD_COLLATION_CONNECTION=@@COLLATION_CONNECTION */;
/*!40101 SET NAMES utf8 */;

--
-- Database: `kamrul`
--

-- --------------------------------------------------------

--
-- Table structure for table `admininfo`
--

CREATE TABLE IF NOT EXISTS `admininfo` (
  `id` int(11) NOT NULL AUTO_INCREMENT,
  `mail` varchar(60) COLLATE latin1_general_cs NOT NULL,
  `name` varchar(60) COLLATE latin1_general_cs NOT NULL,
  `pass` varchar(64) COLLATE latin1_general_cs NOT NULL,
  PRIMARY KEY (`id`),
  UNIQUE KEY `mail` (`mail`)
) ENGINE=InnoDB  DEFAULT CHARSET=latin1 COLLATE=latin1_general_cs AUTO_INCREMENT=2 ;

--
-- Dumping data for table `admininfo`
--

INSERT INTO `admininfo` (`id`, `mail`, `name`, `pass`) VALUES
(1, 'salam_azad223@yahoo.com', 'Azad Salam', 'dfda45e218c2bc53b5ac2defbe6194836ebdafa0');

-- --------------------------------------------------------

--
-- Table structure for table `avg_temperature`
--

CREATE TABLE IF NOT EXISTS `avg_temperature` (
  `did` int(11) NOT NULL DEFAULT '0',
  `tdate` int(11) NOT NULL DEFAULT '0',
  `tmonth` int(11) NOT NULL DEFAULT '0',
  `maxtemp` double DEFAULT NULL,
  `mintemp` double DEFAULT NULL,
  PRIMARY KEY (`did`,`tdate`,`tmonth`)
) ENGINE=InnoDB DEFAULT CHARSET=latin1;

--
-- Dumping data for table `avg_temperature`
--

INSERT INTO `avg_temperature` (`did`, `tdate`, `tmonth`, `maxtemp`, `mintemp`) VALUES
(1, 1, 1, 24.3, 12.04),
(1, 1, 2, 25.83, 13.67),
(1, 1, 3, 30.02, 17.41),
(1, 1, 4, 33.05, 21.91),
(1, 1, 5, 33.34, 23.36),
(1, 1, 6, 32.96, 25.67),
(1, 1, 7, 31.44, 26.01),
(1, 1, 8, 31.88, 26.25),
(1, 1, 9, 32.15, 26.04),
(1, 1, 10, 32.3, 25.36),
(1, 1, 11, 30.67, 21.78),
(1, 1, 12, 27.47, 15.56),
(1, 2, 1, 24.29, 12.18),
(1, 2, 2, 26.05, 13.62),
(1, 2, 3, 30.08, 17.64),
(1, 2, 4, 33.49, 22.48),
(1, 2, 5, 32.53, 23.15),
(1, 2, 6, 33.22, 25.61),
(1, 2, 7, 31.53, 25.87),
(1, 2, 8, 31.87, 26.23),
(1, 2, 9, 32.1, 26.27),
(1, 2, 10, 32.11, 25.36),
(1, 2, 11, 30.71, 21.44),
(1, 2, 12, 27.53, 15.5),
(1, 3, 1, 24.19, 12.16),
(1, 3, 2, 26.02, 13.51),
(1, 3, 3, 30.12, 17.38),
(1, 3, 4, 33.53, 22.64),
(1, 3, 5, 32.93, 23.23),
(1, 3, 6, 33.03, 25.38),
(1, 3, 7, 31.5, 25.84),
(1, 3, 8, 31.49, 25.9),
(1, 3, 9, 31.67, 26.19),
(1, 3, 10, 32.53, 25.15),
(1, 3, 11, 30.92, 21.6),
(1, 3, 12, 27.67, 15.13),
(1, 4, 1, 23.72, 11.89),
(1, 4, 2, 26.11, 13.45),
(1, 4, 3, 30.55, 17.09),
(1, 4, 4, 33.57, 22.4),
(1, 4, 5, 33.44, 23.48),
(1, 4, 6, 32.96, 25.16),
(1, 4, 7, 31.65, 25.96),
(1, 4, 8, 31.99, 26.16),
(1, 4, 9, 31.52, 25.94),
(1, 4, 10, 32.16, 25.37),
(1, 4, 11, 30.86, 21.13),
(1, 4, 12, 27.48, 15.19),
(1, 5, 1, 24.13, 11.68),
(1, 5, 2, 25.99, 13.74),
(1, 5, 3, 30.53, 17.39),
(1, 5, 4, 33.75, 22.58),
(1, 5, 5, 33, 23.9),
(1, 5, 6, 32.51, 25.12),
(1, 5, 7, 31.46, 25.96),
(1, 5, 8, 31.48, 26.02),
(1, 5, 9, 31.46, 25.93),
(1, 5, 10, 32.17, 25.24),
(1, 5, 11, 30.71, 20.96),
(1, 5, 12, 27.35, 15.05),
(1, 6, 1, 23.98, 11.88),
(1, 6, 2, 26.43, 13.67),
(1, 6, 3, 30.75, 18.13),
(1, 6, 4, 34.03, 22.94),
(1, 6, 5, 32.7, 23.27),
(1, 6, 6, 32.99, 25.39),
(1, 6, 7, 31.68, 25.91),
(1, 6, 8, 31.71, 26.04),
(1, 6, 9, 31.75, 25.8),
(1, 6, 10, 31.67, 25.22),
(1, 6, 11, 30.85, 20.81),
(1, 6, 12, 27.3, 15.01),
(1, 7, 1, 24.08, 12.15),
(1, 7, 2, 26.73, 13.5),
(1, 7, 3, 30.79, 18.39),
(1, 7, 4, 34.05, 22.7),
(1, 7, 5, 32.61, 23.69),
(1, 7, 6, 32.87, 25.5),
(1, 7, 7, 31.47, 25.95),
(1, 7, 8, 32.13, 26.22),
(1, 7, 9, 32.17, 26.05),
(1, 7, 10, 31.66, 24.89),
(1, 7, 11, 30.65, 20.73),
(1, 7, 12, 27.28, 14.88),
(1, 8, 1, 24.4, 12.14),
(1, 8, 2, 26.92, 13.77),
(1, 8, 3, 31.11, 17.63),
(1, 8, 4, 34.13, 22.94),
(1, 8, 5, 32.99, 23.58),
(1, 8, 6, 32.92, 25.65),
(1, 8, 7, 31.75, 25.98),
(1, 8, 8, 32.33, 26.44),
(1, 8, 9, 31.91, 26.05),
(1, 8, 10, 31.17, 24.77),
(1, 8, 11, 30.5, 20.39),
(1, 8, 12, 27.2, 14.85),
(1, 9, 1, 23.91, 12.37),
(1, 9, 2, 26.75, 13.81),
(1, 9, 3, 31.53, 18.21),
(1, 9, 4, 33.77, 22.93),
(1, 9, 5, 33.36, 23.97),
(1, 9, 6, 32.56, 25.69),
(1, 9, 7, 31.62, 26.17),
(1, 9, 8, 32.05, 26.29),
(1, 9, 9, 31.73, 26.06),
(1, 9, 10, 31.59, 24.53),
(1, 9, 11, 30.18, 20.42),
(1, 9, 12, 26.81, 14.92),
(1, 10, 1, 24.15, 12.32),
(1, 10, 2, 27.14, 14.21),
(1, 10, 3, 31.63, 18.46),
(1, 10, 4, 34.13, 23.06),
(1, 10, 5, 33.32, 24.33),
(1, 10, 6, 32.4, 25.62),
(1, 10, 7, 31.6, 26.12),
(1, 10, 8, 32.09, 26.36),
(1, 10, 9, 31.6, 25.73),
(1, 10, 10, 31.94, 24.51),
(1, 10, 11, 29.82, 20.27),
(1, 10, 12, 26.65, 14.99),
(1, 11, 1, 24.19, 11.74),
(1, 11, 2, 27.61, 14.1),
(1, 11, 3, 31.59, 19.27),
(1, 11, 4, 33.86, 23.41),
(1, 11, 5, 33.32, 23.93),
(1, 11, 6, 32.5, 25.43),
(1, 11, 7, 31.24, 25.97),
(1, 11, 8, 31.85, 26.56),
(1, 11, 9, 31.53, 25.59),
(1, 11, 10, 32.35, 24.47),
(1, 11, 11, 29.67, 20.09),
(1, 11, 12, 26.7, 14.74),
(1, 12, 1, 24.23, 11.89),
(1, 12, 2, 27.6, 14.65),
(1, 12, 3, 31.59, 19.32),
(1, 12, 4, 33.86, 23.13),
(1, 12, 5, 33.14, 24.07),
(1, 12, 6, 32.54, 25.79),
(1, 12, 7, 31.59, 25.89),
(1, 12, 8, 31.93, 26.34),
(1, 12, 9, 31.46, 25.63),
(1, 12, 10, 32.65, 24.75),
(1, 12, 11, 29.48, 19.57),
(1, 12, 12, 26.65, 14.44),
(1, 13, 1, 24.27, 11.98),
(1, 13, 2, 27.72, 14.66),
(1, 13, 3, 31.98, 19.18),
(1, 13, 4, 34.12, 23.08),
(1, 13, 5, 33.45, 24.23),
(1, 13, 6, 32.32, 25.78),
(1, 13, 7, 31.63, 26),
(1, 13, 8, 31.78, 26.22),
(1, 13, 9, 31.71, 25.77),
(1, 13, 10, 32.32, 24.69),
(1, 13, 11, 29.59, 19.24),
(1, 13, 12, 26.29, 14.39),
(1, 14, 1, 24.31, 11.73),
(1, 14, 2, 27.65, 15),
(1, 14, 3, 31.9, 19.25),
(1, 14, 4, 34.13, 23.2),
(1, 14, 5, 33.12, 24.29),
(1, 14, 6, 32.33, 25.87),
(1, 14, 7, 31.57, 26),
(1, 14, 8, 31.63, 26.24),
(1, 14, 9, 32.02, 25.82),
(1, 14, 10, 31.96, 24.49),
(1, 14, 11, 29.83, 18.86),
(1, 14, 12, 26.29, 14.31),
(1, 15, 1, 24.55, 11.57),
(1, 15, 2, 28.07, 15.5),
(1, 15, 3, 32.38, 19.07),
(1, 15, 4, 34, 23.49),
(1, 15, 5, 32.59, 23.98),
(1, 15, 6, 32.34, 25.94),
(1, 15, 7, 31.48, 26.11),
(1, 15, 8, 31.52, 26.01),
(1, 15, 9, 32.13, 25.95),
(1, 15, 10, 31.94, 24.25),
(1, 15, 11, 29.64, 18.59),
(1, 15, 12, 26.08, 13.78),
(1, 16, 1, 24.81, 12.22),
(1, 16, 2, 28.45, 15.43),
(1, 16, 3, 32.47, 19.42),
(1, 16, 4, 33.62, 23.51),
(1, 16, 5, 33.06, 24.35),
(1, 16, 6, 31.83, 26.13),
(1, 16, 7, 31.61, 25.95),
(1, 16, 8, 31.71, 26.12),
(1, 16, 9, 32.16, 25.83),
(1, 16, 10, 31.92, 24.29),
(1, 16, 11, 29.61, 18.61),
(1, 16, 12, 26.16, 13.6),
(1, 17, 1, 24.77, 12.31),
(1, 17, 2, 28.67, 15.78),
(1, 17, 3, 32.85, 19.56),
(1, 17, 4, 33.55, 23.69),
(1, 17, 5, 33.32, 24.3),
(1, 17, 6, 31.69, 25.56),
(1, 17, 7, 31.78, 26.09),
(1, 17, 8, 31.84, 26.25),
(1, 17, 9, 32.02, 25.64),
(1, 17, 10, 32.07, 24.11),
(1, 17, 11, 29.42, 18.74),
(1, 17, 12, 26.08, 13.71),
(1, 18, 1, 24.66, 11.92),
(1, 18, 2, 28.67, 16.07),
(1, 18, 3, 33.08, 20.35),
(1, 18, 4, 33.52, 23.15),
(1, 18, 5, 33.66, 24.43),
(1, 18, 6, 31.77, 25.78),
(1, 18, 7, 31.64, 26.23),
(1, 18, 8, 31.97, 26.21),
(1, 18, 9, 32.25, 25.8),
(1, 18, 10, 31.22, 23.71),
(1, 18, 11, 29.31, 18.59),
(1, 18, 12, 25.96, 13.88),
(1, 19, 1, 24.6, 11.93),
(1, 19, 2, 28.73, 15.89),
(1, 19, 3, 33.28, 20.57),
(1, 19, 4, 33.68, 23.52),
(1, 19, 5, 33.33, 24.59),
(1, 19, 6, 31.99, 25.83),
(1, 19, 7, 31.35, 26.01),
(1, 19, 8, 31.98, 26.15),
(1, 19, 9, 32.63, 25.97),
(1, 19, 10, 31.51, 23.44),
(1, 19, 11, 29.11, 18.44),
(1, 19, 12, 25.9, 13.82),
(1, 20, 1, 24.72, 11.91),
(1, 20, 2, 28.47, 15.68),
(1, 20, 3, 33.52, 20.65),
(1, 20, 4, 33.83, 23.56),
(1, 20, 5, 33.31, 24.54),
(1, 20, 6, 32.13, 25.85),
(1, 20, 7, 31.54, 25.89),
(1, 20, 8, 31.88, 26.2),
(1, 20, 9, 32, 25.79),
(1, 20, 10, 31.28, 23.42),
(1, 20, 11, 29.22, 18.58),
(1, 20, 12, 25.93, 13.57),
(1, 21, 1, 24.6, 11.97),
(1, 21, 2, 28.61, 15.84),
(1, 21, 3, 33.66, 20.91),
(1, 21, 4, 33.78, 23.16),
(1, 21, 5, 32.84, 24.34),
(1, 21, 6, 32.01, 26.08),
(1, 21, 7, 31.15, 25.88),
(1, 21, 8, 31.99, 26.21),
(1, 21, 9, 32.1, 25.67),
(1, 21, 10, 31.42, 23.1),
(1, 21, 11, 29.06, 18.09),
(1, 21, 12, 25.71, 13.37),
(1, 22, 1, 24.76, 11.85),
(1, 22, 2, 28.46, 15.77),
(1, 22, 3, 33.53, 21.34),
(1, 22, 4, 33.91, 23.62),
(1, 22, 5, 33.11, 24.39),
(1, 22, 6, 31.69, 26.05),
(1, 22, 7, 30.96, 25.78),
(1, 22, 8, 31.69, 26.1),
(1, 22, 9, 31.7, 25.78),
(1, 22, 10, 31.43, 22.82),
(1, 22, 11, 28.76, 17.42),
(1, 22, 12, 25.54, 13.35),
(1, 23, 1, 24.59, 11.94),
(1, 23, 2, 28.61, 15.86),
(1, 23, 3, 32.97, 21.21),
(1, 23, 4, 33.68, 23.65),
(1, 23, 5, 33.05, 24.48),
(1, 23, 6, 31.78, 26.05),
(1, 23, 7, 31.55, 25.8),
(1, 23, 8, 31.75, 26.15),
(1, 23, 9, 31.54, 25.65),
(1, 23, 10, 31.49, 22.87),
(1, 23, 11, 28.76, 17.28),
(1, 23, 12, 25.56, 13.49),
(1, 24, 1, 24.84, 12.41),
(1, 24, 2, 29.05, 16),
(1, 24, 3, 32.75, 21.3),
(1, 24, 4, 33.71, 23.47),
(1, 24, 5, 33.19, 24.87),
(1, 24, 6, 31.91, 26.02),
(1, 24, 7, 31.85, 26.06),
(1, 24, 8, 31.91, 26.28),
(1, 24, 9, 31.54, 25.42),
(1, 24, 10, 31.43, 22.68),
(1, 24, 11, 28.49, 17.71),
(1, 24, 12, 25.41, 13.21),
(1, 25, 1, 25.04, 11.95),
(1, 25, 2, 29.49, 16.48),
(1, 25, 3, 32.4, 21.21),
(1, 25, 4, 33.53, 23.48),
(1, 25, 5, 32.82, 24.61),
(1, 25, 6, 31.57, 25.82),
(1, 25, 7, 32, 26.16),
(1, 25, 8, 31.94, 26.31),
(1, 25, 9, 31.76, 25.52),
(1, 25, 10, 31.42, 22.46),
(1, 25, 11, 28.37, 17.46),
(1, 25, 12, 25.4, 12.84),
(1, 26, 1, 25.47, 12.13),
(1, 26, 2, 29.47, 16.95),
(1, 26, 3, 32.81, 21.22),
(1, 26, 4, 33.4, 23.52),
(1, 26, 5, 32.65, 24.81),
(1, 26, 6, 31.64, 25.87),
(1, 26, 7, 31.73, 26.23),
(1, 26, 8, 31.94, 26.08),
(1, 26, 9, 31.79, 25.51),
(1, 26, 10, 31.46, 22.1),
(1, 26, 11, 28.56, 16.97),
(1, 26, 12, 25.15, 12.82),
(1, 27, 1, 25.89, 12.11),
(1, 27, 2, 29.6, 16.93),
(1, 27, 3, 32.65, 21.13),
(1, 27, 4, 32.99, 23.12),
(1, 27, 5, 32.39, 24.64),
(1, 27, 6, 31.72, 26.09),
(1, 27, 7, 31.69, 26.04),
(1, 27, 8, 31.91, 26.11),
(1, 27, 9, 31.85, 25.36),
(1, 27, 10, 31.08, 22.07),
(1, 27, 11, 28.59, 16.73),
(1, 27, 12, 25.19, 12.7),
(1, 28, 1, 25.73, 12.68),
(1, 28, 2, 29.89, 16.73),
(1, 28, 3, 32.91, 20.97),
(1, 28, 4, 32.86, 23.33),
(1, 28, 5, 32.76, 24.81),
(1, 28, 6, 31.57, 26.03),
(1, 28, 7, 31.51, 25.96),
(1, 28, 8, 32.05, 25.99),
(1, 28, 9, 31.8, 25.34),
(1, 28, 10, 30.9, 21.8),
(1, 28, 11, 27.97, 16.43),
(1, 28, 12, 24.68, 12.7),
(1, 29, 1, 25.95, 12.88),
(1, 29, 2, 29.51, 16.41),
(1, 29, 3, 33.2, 21.36),
(1, 29, 4, 32.77, 23.37),
(1, 29, 5, 33.15, 24.97),
(1, 29, 6, 31.59, 25.96),
(1, 29, 7, 31.49, 26.08),
(1, 29, 8, 32.07, 26.14),
(1, 29, 9, 31.78, 25.13),
(1, 29, 10, 30.83, 21.51),
(1, 29, 11, 27.73, 16.05),
(1, 29, 12, 24.57, 12.27),
(1, 30, 1, 25.8, 13.1),
(1, 30, 3, 32.5, 21.5),
(1, 30, 4, 32.8, 22.9),
(1, 30, 5, 33.4, 25.1),
(1, 30, 6, 31.5, 26),
(1, 30, 7, 31.6, 26.1),
(1, 30, 8, 31.8, 26.2),
(1, 30, 9, 32, 25.3),
(1, 30, 10, 30.4, 21.6),
(1, 30, 11, 27.6, 15.7),
(1, 30, 12, 24.7, 11.8),
(1, 31, 1, 26, 12.97),
(1, 31, 3, 32.6, 21.86),
(1, 31, 5, 33.3, 25.16),
(1, 31, 7, 31.8, 26.03),
(1, 31, 8, 31.8, 26.17),
(1, 31, 10, 30.4, 21.66),
(1, 31, 12, 24.5, 12.18),
(2, 1, 1, 25.49, 13.76),
(2, 1, 2, 26.92, 14.96),
(2, 1, 3, 30, 18.41),
(2, 1, 4, 31.68, 22.54),
(2, 1, 5, 32.67, 24.05),
(2, 1, 6, 32.35, 25.93),
(2, 1, 7, 30.31, 25.39),
(2, 1, 8, 31, 25.36),
(2, 1, 9, 31.2, 25.3),
(2, 1, 10, 32.03, 25.18),
(2, 1, 11, 30.95, 22.46),
(2, 1, 12, 28.07, 17.29),
(2, 2, 1, 25.4, 13.73),
(2, 2, 2, 26.66, 15.08),
(2, 2, 3, 30.03, 18.85),
(2, 2, 4, 31.77, 22.86),
(2, 2, 5, 32.41, 24.02),
(2, 2, 6, 32.53, 25.87),
(2, 2, 7, 30.23, 25.32),
(2, 2, 8, 30.79, 25.36),
(2, 2, 9, 31.15, 25.38),
(2, 2, 10, 32.03, 25.13),
(2, 2, 11, 31.21, 22.55),
(2, 2, 12, 28.07, 17.03),
(2, 3, 1, 25.62, 13.71),
(2, 3, 2, 26.77, 14.98),
(2, 3, 3, 30.02, 18.99),
(2, 3, 4, 31.94, 23.1),
(2, 3, 5, 32.69, 23.96),
(2, 3, 6, 32.2, 25.64),
(2, 3, 7, 30.25, 25.32),
(2, 3, 8, 30.66, 25.2),
(2, 3, 9, 31, 25.33),
(2, 3, 10, 31.94, 24.97),
(2, 3, 11, 30.92, 22.6),
(2, 3, 12, 28.03, 16.81),
(2, 4, 1, 25.49, 13.71),
(2, 4, 2, 26.86, 15.15),
(2, 4, 3, 30.14, 18.46),
(2, 4, 4, 31.97, 22.99),
(2, 4, 5, 32.62, 24.43),
(2, 4, 6, 31.87, 25.51),
(2, 4, 7, 30.43, 25.34),
(2, 4, 8, 30.79, 25.27),
(2, 4, 9, 30.84, 25.2),
(2, 4, 10, 31.87, 24.95),
(2, 4, 11, 30.98, 22.42),
(2, 4, 12, 27.9, 16.63),
(2, 5, 1, 25.4, 13.43),
(2, 5, 2, 27.05, 15.02),
(2, 5, 3, 30.13, 18.57),
(2, 5, 4, 32.23, 23.26),
(2, 5, 5, 32.5, 24.69),
(2, 5, 6, 31.78, 25.27),
(2, 5, 7, 30.6, 25.56),
(2, 5, 8, 30.72, 25.26),
(2, 5, 9, 30.77, 25.17),
(2, 5, 10, 31.82, 25.01),
(2, 5, 11, 31.05, 22.24),
(2, 5, 12, 27.88, 16.48),
(2, 6, 1, 25.39, 13.4),
(2, 6, 2, 27.16, 15.15),
(2, 6, 3, 30.1, 18.91),
(2, 6, 4, 32.44, 23.46),
(2, 6, 5, 32.23, 24.04),
(2, 6, 6, 31.69, 25.42),
(2, 6, 7, 30.54, 25.44),
(2, 6, 8, 30.83, 25.22),
(2, 6, 9, 31.08, 25.11),
(2, 6, 10, 31.39, 24.94),
(2, 6, 11, 30.9, 21.99),
(2, 6, 12, 27.89, 16.34),
(2, 7, 1, 25.61, 13.64),
(2, 7, 2, 27.48, 15.1),
(2, 7, 3, 30.33, 19.41),
(2, 7, 4, 32.3, 23.38),
(2, 7, 5, 32.02, 24.24),
(2, 7, 6, 31.95, 25.62),
(2, 7, 7, 30.27, 25.31),
(2, 7, 8, 31.08, 25.33),
(2, 7, 9, 31.4, 25.4),
(2, 7, 10, 31.19, 24.75),
(2, 7, 11, 30.83, 21.87),
(2, 7, 12, 27.87, 16.26),
(2, 8, 1, 25.56, 13.97),
(2, 8, 2, 27.61, 15),
(2, 8, 3, 30.73, 19.44),
(2, 8, 4, 32.2, 23.32),
(2, 8, 5, 32.21, 24.15),
(2, 8, 6, 31.68, 25.56),
(2, 8, 7, 30.55, 25.31),
(2, 8, 8, 31.1, 25.46),
(2, 8, 9, 31.32, 25.43),
(2, 8, 10, 30.92, 24.66),
(2, 8, 11, 30.44, 21.62),
(2, 8, 12, 27.76, 16.35),
(2, 9, 1, 25.48, 13.97),
(2, 9, 2, 27.63, 15.03),
(2, 9, 3, 30.96, 19.23),
(2, 9, 4, 32.34, 23.32),
(2, 9, 5, 32.55, 24.4),
(2, 9, 6, 31.78, 25.43),
(2, 9, 7, 30.5, 25.46),
(2, 9, 8, 31.14, 25.45),
(2, 9, 9, 31.33, 25.38),
(2, 9, 10, 31.04, 24.5),
(2, 9, 11, 30.17, 21.21),
(2, 9, 12, 27.37, 16.56),
(2, 10, 1, 25.42, 13.93),
(2, 10, 2, 27.93, 15.32),
(2, 10, 3, 31.01, 19.63),
(2, 10, 4, 32.26, 23.43),
(2, 10, 5, 32.67, 25.05),
(2, 10, 6, 31.42, 25.57),
(2, 10, 7, 30.51, 25.33),
(2, 10, 8, 31.45, 25.54),
(2, 10, 9, 31.29, 25.36),
(2, 10, 10, 31.6, 24.61),
(2, 10, 11, 30.08, 21),
(2, 10, 12, 27.26, 16.33),
(2, 11, 1, 25.5, 13.79),
(2, 11, 2, 28.31, 15.45),
(2, 11, 3, 31.26, 19.81),
(2, 11, 4, 32.12, 23.62),
(2, 11, 5, 32.7, 24.71),
(2, 11, 6, 31.41, 25.41),
(2, 11, 7, 30.49, 25.35),
(2, 11, 8, 31.14, 25.57),
(2, 11, 9, 31.02, 25.23),
(2, 11, 10, 32, 24.72),
(2, 11, 11, 29.82, 20.87),
(2, 11, 12, 27.3, 16.39),
(2, 12, 1, 25.57, 13.69),
(2, 12, 2, 28.27, 15.65),
(2, 12, 3, 31.19, 20.23),
(2, 12, 4, 32.19, 23.6),
(2, 12, 5, 32.78, 24.44),
(2, 12, 6, 31.26, 25.44),
(2, 12, 7, 30.62, 25.32),
(2, 12, 8, 31, 25.51),
(2, 12, 9, 31.06, 25.12),
(2, 12, 10, 32.33, 24.76),
(2, 12, 11, 29.86, 20.55),
(2, 12, 12, 27.28, 15.89),
(2, 13, 1, 25.71, 13.71),
(2, 13, 2, 28.31, 15.83),
(2, 13, 3, 31.2, 20.27),
(2, 13, 4, 32.49, 23.51),
(2, 13, 5, 32.93, 24.7),
(2, 13, 6, 31.17, 25.39),
(2, 13, 7, 30.78, 25.48),
(2, 13, 8, 30.68, 25.44),
(2, 13, 9, 31.33, 25.17),
(2, 13, 10, 31.9, 24.74),
(2, 13, 11, 29.96, 20.38),
(2, 13, 12, 27.08, 15.74),
(2, 14, 1, 25.71, 13.75),
(2, 14, 2, 28.18, 16.25),
(2, 14, 3, 31.27, 20.36),
(2, 14, 4, 32.57, 23.7),
(2, 14, 5, 32.57, 24.88),
(2, 14, 6, 31.26, 25.41),
(2, 14, 7, 30.66, 25.29),
(2, 14, 8, 30.59, 25.37),
(2, 14, 9, 31.5, 25.31),
(2, 14, 10, 31.79, 24.69),
(2, 14, 11, 29.92, 20.17),
(2, 14, 12, 26.9, 15.6),
(2, 15, 1, 25.91, 13.53),
(2, 15, 2, 28.35, 16.6),
(2, 15, 3, 31.41, 20.25),
(2, 15, 4, 32.46, 23.82),
(2, 15, 5, 32.23, 24.82),
(2, 15, 6, 31.05, 25.37),
(2, 15, 7, 30.69, 25.34),
(2, 15, 8, 30.57, 25.23),
(2, 15, 9, 31.67, 25.31),
(2, 15, 10, 31.58, 24.55),
(2, 15, 11, 29.92, 19.97),
(2, 15, 12, 26.92, 15.44),
(2, 16, 1, 25.92, 13.65),
(2, 16, 2, 28.52, 16.66),
(2, 16, 3, 31.53, 20.29),
(2, 16, 4, 32.33, 24.13),
(2, 16, 5, 32.47, 24.84),
(2, 16, 6, 30.87, 25.4),
(2, 16, 7, 30.82, 25.35),
(2, 16, 8, 30.8, 25.3),
(2, 16, 9, 31.43, 25.32),
(2, 16, 10, 31.86, 24.24),
(2, 16, 11, 29.86, 19.89),
(2, 16, 12, 27, 15.2),
(2, 17, 1, 25.7, 13.97),
(2, 17, 2, 28.7, 17.01),
(2, 17, 3, 31.69, 20.56),
(2, 17, 4, 32.21, 24.15),
(2, 17, 5, 32.74, 24.89),
(2, 17, 6, 30.85, 25.3),
(2, 17, 7, 30.98, 25.38),
(2, 17, 8, 31.1, 25.4),
(2, 17, 9, 31.64, 25.29),
(2, 17, 10, 31.77, 24.45),
(2, 17, 11, 29.61, 19.83),
(2, 17, 12, 26.68, 15.4),
(2, 18, 1, 25.63, 13.76),
(2, 18, 2, 28.81, 17.38),
(2, 18, 3, 32.01, 21.02),
(2, 18, 4, 32.22, 23.85),
(2, 18, 5, 32.91, 24.85),
(2, 18, 6, 30.87, 25.35),
(2, 18, 7, 30.5, 25.52),
(2, 18, 8, 31.09, 25.48),
(2, 18, 9, 31.86, 25.35),
(2, 18, 10, 31.58, 24.33),
(2, 18, 11, 29.33, 19.68),
(2, 18, 12, 26.55, 15.36),
(2, 19, 1, 25.75, 13.63),
(2, 19, 2, 28.94, 17.16),
(2, 19, 3, 32.1, 21.22),
(2, 19, 4, 32.49, 24.11),
(2, 19, 5, 32.48, 25.16),
(2, 19, 6, 31.14, 25.39),
(2, 19, 7, 30.27, 25.32),
(2, 19, 8, 30.93, 25.4),
(2, 19, 9, 32.01, 25.52),
(2, 19, 10, 31.47, 24.18),
(2, 19, 11, 29.2, 19.37),
(2, 19, 12, 26.81, 15.4),
(2, 20, 1, 25.91, 13.53),
(2, 20, 2, 28.91, 16.8),
(2, 20, 3, 32.01, 21.41),
(2, 20, 4, 32.61, 24.25),
(2, 20, 5, 32.57, 24.85),
(2, 20, 6, 30.53, 25.34),
(2, 20, 7, 30.33, 25.13),
(2, 20, 8, 31.09, 25.4),
(2, 20, 9, 31.72, 25.33),
(2, 20, 10, 31.28, 24.03),
(2, 20, 11, 29.46, 19.52),
(2, 20, 12, 26.7, 15.16),
(2, 21, 1, 25.91, 13.59),
(2, 21, 2, 29.02, 16.83),
(2, 21, 3, 31.97, 21.51),
(2, 21, 4, 32.78, 23.89),
(2, 21, 5, 32.32, 25.04),
(2, 21, 6, 30.96, 25.39),
(2, 21, 7, 30.16, 25.21),
(2, 21, 8, 31.01, 25.31),
(2, 21, 9, 31.75, 25.32),
(2, 21, 10, 31.35, 23.73),
(2, 21, 11, 29.35, 19.38),
(2, 21, 12, 26.41, 15.02),
(2, 22, 1, 25.99, 13.58),
(2, 22, 2, 29.13, 16.88),
(2, 22, 3, 31.84, 21.73),
(2, 22, 4, 32.65, 24.35),
(2, 22, 5, 32.54, 25.06),
(2, 22, 6, 31.03, 25.47),
(2, 22, 7, 30.31, 25.18),
(2, 22, 8, 30.99, 25.39),
(2, 22, 9, 31.36, 25.28),
(2, 22, 10, 31.57, 23.37),
(2, 22, 11, 29.35, 18.96),
(2, 22, 12, 26.29, 14.94),
(2, 23, 1, 25.91, 13.58),
(2, 23, 2, 29.02, 17.05),
(2, 23, 3, 31.52, 21.63),
(2, 23, 4, 32.71, 24.26),
(2, 23, 5, 32.46, 25.17),
(2, 23, 6, 31.07, 25.56),
(2, 23, 7, 30.66, 25.22),
(2, 23, 8, 31.2, 25.43),
(2, 23, 9, 31.09, 25.12),
(2, 23, 10, 31.46, 23.38),
(2, 23, 11, 29.33, 18.75),
(2, 23, 12, 26.32, 14.64),
(2, 24, 1, 26.11, 13.69),
(2, 24, 2, 28.98, 17.17),
(2, 24, 3, 31.58, 21.73),
(2, 24, 4, 32.75, 24),
(2, 24, 5, 32.46, 25.29),
(2, 24, 6, 30.89, 25.51),
(2, 24, 7, 30.92, 25.32),
(2, 24, 8, 31.01, 25.39),
(2, 24, 9, 31.41, 25.08),
(2, 24, 10, 31.5, 23.32),
(2, 24, 11, 29.05, 18.82),
(2, 24, 12, 26.48, 14.72),
(2, 25, 1, 26.15, 13.84),
(2, 25, 2, 29.2, 17.4),
(2, 25, 3, 31.39, 21.81),
(2, 25, 4, 32.67, 24.17),
(2, 25, 5, 32.38, 25),
(2, 25, 6, 30.5, 25.48),
(2, 25, 7, 30.74, 25.43),
(2, 25, 8, 31.01, 25.45),
(2, 25, 9, 31.5, 25.11),
(2, 25, 10, 31.43, 23.33),
(2, 25, 11, 28.93, 18.68),
(2, 25, 12, 26.4, 14.76),
(2, 26, 1, 26.15, 13.62),
(2, 26, 2, 29.32, 17.82),
(2, 26, 3, 31.8, 21.88),
(2, 26, 4, 32.7, 24.12),
(2, 26, 5, 32.18, 25.38),
(2, 26, 6, 30.75, 25.4),
(2, 26, 7, 30.56, 25.27),
(2, 26, 8, 30.81, 25.27),
(2, 26, 9, 31.52, 25.36),
(2, 26, 10, 31.4, 23.05),
(2, 26, 11, 29, 18.54),
(2, 26, 12, 26.29, 14.64),
(2, 27, 1, 26.46, 13.62),
(2, 27, 2, 29.7, 17.97),
(2, 27, 3, 31.62, 21.9),
(2, 27, 4, 32.78, 24.25),
(2, 27, 5, 31.89, 24.89),
(2, 27, 6, 30.75, 25.28),
(2, 27, 7, 30.67, 25.26),
(2, 27, 8, 30.91, 25.29),
(2, 27, 9, 31.19, 25.12),
(2, 27, 10, 31.1, 22.84),
(2, 27, 11, 28.73, 18.21),
(2, 27, 12, 26.13, 14.5),
(2, 28, 1, 26.76, 13.86),
(2, 28, 2, 29.78, 18.04),
(2, 28, 3, 31.87, 22.11),
(2, 28, 4, 32.57, 24.04),
(2, 28, 5, 32.06, 25.21),
(2, 28, 6, 30.74, 25.34),
(2, 28, 7, 30.56, 25.34),
(2, 28, 8, 31.03, 25.26),
(2, 28, 9, 31.69, 25.15),
(2, 28, 10, 30.92, 22.77),
(2, 28, 11, 28.32, 18.08),
(2, 28, 12, 25.95, 14.42),
(2, 29, 1, 26.93, 14.16),
(2, 29, 2, 29.04, 17.32),
(2, 29, 3, 31.67, 22.29),
(2, 29, 4, 32.63, 24.05),
(2, 29, 5, 32.11, 25.42),
(2, 29, 6, 30.44, 25.23),
(2, 29, 7, 30.78, 25.37),
(2, 29, 8, 30.91, 25.33),
(2, 29, 9, 32, 25.14),
(2, 29, 10, 30.98, 22.62),
(2, 29, 11, 28.35, 17.78),
(2, 29, 12, 25.74, 14.18),
(2, 30, 1, 26.7, 14.4),
(2, 30, 3, 31.5, 22.3),
(2, 30, 4, 32.4, 23.9),
(2, 30, 5, 32.6, 25.4),
(2, 30, 6, 30.4, 25.3),
(2, 30, 7, 30.6, 25.4),
(2, 30, 8, 31.1, 25.4),
(2, 30, 9, 31.8, 25.1),
(2, 30, 10, 30.8, 22.6),
(2, 30, 11, 28.1, 17.6),
(2, 30, 12, 25.5, 13.6),
(2, 31, 1, 27, 14.68),
(2, 31, 3, 31.6, 22.53),
(2, 31, 5, 32.3, 25.59),
(2, 31, 7, 30.9, 25.33),
(2, 31, 8, 31, 25.44),
(2, 31, 10, 30.7, 22.57),
(2, 31, 12, 25.6, 13.6),
(3, 1, 1, 24.04, 10.98),
(3, 1, 2, 25.32, 12.71),
(3, 1, 3, 29.79, 15.92),
(3, 1, 4, 34.81, 21.55),
(3, 1, 5, 34.67, 23.35),
(3, 1, 6, 34.66, 25.49),
(3, 1, 7, 32.06, 26.01),
(3, 1, 8, 32.23, 26.06),
(3, 1, 9, 32.59, 26.18),
(3, 1, 10, 32.48, 24.94),
(3, 1, 11, 30.44, 20.9),
(3, 1, 12, 27.68, 14.46),
(3, 2, 1, 23.69, 10.95),
(3, 2, 2, 25.85, 12.35),
(3, 2, 3, 29.91, 15.47),
(3, 2, 4, 35.06, 21.72),
(3, 2, 5, 33.55, 23.34),
(3, 2, 6, 34.93, 25.73),
(3, 2, 7, 32.15, 25.88),
(3, 2, 8, 32.29, 26.21),
(3, 2, 9, 32.72, 26.15),
(3, 2, 10, 32.45, 25.05),
(3, 2, 11, 30.6, 20.47),
(3, 2, 12, 27.65, 14.29),
(3, 3, 1, 23.85, 10.87),
(3, 3, 2, 25.66, 12),
(3, 3, 3, 30.35, 15.5),
(3, 3, 4, 35.09, 21.64),
(3, 3, 5, 34.15, 23.25),
(3, 3, 6, 34.3, 25.42),
(3, 3, 7, 32.14, 25.76),
(3, 3, 8, 31.89, 25.98),
(3, 3, 9, 32.29, 25.98),
(3, 3, 10, 32.28, 25.04),
(3, 3, 11, 30.88, 20.39),
(3, 3, 12, 27.59, 14.02),
(3, 4, 1, 23.48, 10.68),
(3, 4, 2, 25.85, 11.91),
(3, 4, 3, 30.71, 15.33),
(3, 4, 4, 34.85, 21.94),
(3, 4, 5, 35, 23.49),
(3, 4, 6, 34.07, 25.18),
(3, 4, 7, 32.46, 26.1),
(3, 4, 8, 32.35, 26.04),
(3, 4, 9, 32.28, 25.94),
(3, 4, 10, 32.36, 24.98),
(3, 4, 11, 30.75, 20.25),
(3, 4, 12, 27.37, 14.02),
(3, 5, 1, 23.84, 10.53),
(3, 5, 2, 25.47, 12.28),
(3, 5, 3, 30.65, 16.04),
(3, 5, 4, 35.28, 21.98),
(3, 5, 5, 34.74, 23.86),
(3, 5, 6, 33.7, 25.18),
(3, 5, 7, 32.36, 26.09),
(3, 5, 8, 32.16, 26.19),
(3, 5, 9, 32.2, 25.73),
(3, 5, 10, 32.1, 25.01),
(3, 5, 11, 30.85, 20.06),
(3, 5, 12, 27.37, 13.7),
(3, 6, 1, 23.96, 10.64),
(3, 6, 2, 26.19, 12.19),
(3, 6, 3, 31.24, 16.65),
(3, 6, 4, 35.53, 22.67),
(3, 6, 5, 34.06, 23.28),
(3, 6, 6, 34.02, 25.47),
(3, 6, 7, 32.35, 26.05),
(3, 6, 8, 32.02, 26.01),
(3, 6, 9, 32.06, 25.83),
(3, 6, 10, 31.76, 24.7),
(3, 6, 11, 30.78, 19.78),
(3, 6, 12, 27.29, 13.89),
(3, 7, 1, 24.25, 11.11),
(3, 7, 2, 26.25, 12.04),
(3, 7, 3, 31.07, 16.72),
(3, 7, 4, 35.78, 22.37),
(3, 7, 5, 34.35, 23.6),
(3, 7, 6, 33.96, 25.5),
(3, 7, 7, 32.01, 26.05),
(3, 7, 8, 32.44, 26.28),
(3, 7, 9, 32.51, 25.85),
(3, 7, 10, 31.91, 24.7),
(3, 7, 11, 30.65, 19.44),
(3, 7, 12, 27.04, 13.87),
(3, 8, 1, 24.21, 10.71),
(3, 8, 2, 26.41, 12.39),
(3, 8, 3, 31.51, 16.09),
(3, 8, 4, 35.92, 22.57),
(3, 8, 5, 34.32, 23.71),
(3, 8, 6, 33.97, 25.3),
(3, 8, 7, 32.47, 26.01),
(3, 8, 8, 32.76, 26.37),
(3, 8, 9, 32.51, 26.15),
(3, 8, 10, 31.5, 24.22),
(3, 8, 11, 30.52, 19.28),
(3, 8, 12, 26.87, 13.75),
(3, 9, 1, 23.49, 11.21),
(3, 9, 2, 26.48, 12.74),
(3, 9, 3, 31.8, 16.7),
(3, 9, 4, 35.48, 22.65),
(3, 9, 5, 34.79, 23.89),
(3, 9, 6, 33.76, 25.59),
(3, 9, 7, 32.28, 26.21),
(3, 9, 8, 32.56, 26.41),
(3, 9, 9, 32.02, 25.73),
(3, 9, 10, 31.63, 24.27),
(3, 9, 11, 30.15, 19.24),
(3, 9, 12, 26.52, 13.74),
(3, 10, 1, 24.35, 10.96),
(3, 10, 2, 26.86, 12.88),
(3, 10, 3, 31.74, 16.92),
(3, 10, 4, 35.67, 22.68),
(3, 10, 5, 34.55, 24.26),
(3, 10, 6, 33.78, 25.54),
(3, 10, 7, 32.15, 26.08),
(3, 10, 8, 32.85, 26.46),
(3, 10, 9, 31.93, 25.71),
(3, 10, 10, 31.94, 24.16),
(3, 10, 11, 30.06, 19.2),
(3, 10, 12, 26.47, 13.9),
(3, 11, 1, 24.26, 10.76),
(3, 11, 2, 27.36, 12.72),
(3, 11, 3, 31.82, 17.52),
(3, 11, 4, 35.66, 23.01),
(3, 11, 5, 34.53, 24.19),
(3, 11, 6, 33.42, 25.84),
(3, 11, 7, 31.98, 25.95),
(3, 11, 8, 32.62, 26.62),
(3, 11, 9, 31.98, 25.61),
(3, 11, 10, 32.4, 24.1),
(3, 11, 11, 29.7, 18.93),
(3, 11, 12, 26.41, 13.7),
(3, 12, 1, 24.24, 10.8),
(3, 12, 2, 27.2, 13.34),
(3, 12, 3, 32.02, 17.53),
(3, 12, 4, 35.56, 22.71),
(3, 12, 5, 34.31, 23.89),
(3, 12, 6, 33.38, 25.76),
(3, 12, 7, 32.02, 26.09),
(3, 12, 8, 32.32, 26.38),
(3, 12, 9, 32.09, 25.45),
(3, 12, 10, 32.59, 24.03),
(3, 12, 11, 29.61, 18.45),
(3, 12, 12, 26.42, 13.3),
(3, 13, 1, 24.08, 10.87),
(3, 13, 2, 27.59, 13.34),
(3, 13, 3, 32.09, 17.85),
(3, 13, 4, 35.83, 22.91),
(3, 13, 5, 34.25, 24.01),
(3, 13, 6, 33.58, 25.85),
(3, 13, 7, 32.4, 26.12),
(3, 13, 8, 32.27, 26.23),
(3, 13, 9, 32.16, 25.59),
(3, 13, 10, 32.13, 24.16),
(3, 13, 11, 29.64, 18.06),
(3, 13, 12, 26.12, 13.11),
(3, 14, 1, 24.13, 10.32),
(3, 14, 2, 27.52, 13.67),
(3, 14, 3, 32.07, 17.6),
(3, 14, 4, 35.57, 22.59),
(3, 14, 5, 34.06, 24.36),
(3, 14, 6, 33.21, 25.99),
(3, 14, 7, 32.13, 26.13),
(3, 14, 8, 32.49, 26.3),
(3, 14, 9, 32.15, 25.7),
(3, 14, 10, 32.12, 23.92),
(3, 14, 11, 29.96, 17.62),
(3, 14, 12, 26.1, 12.91),
(3, 15, 1, 24.12, 10.46),
(3, 15, 2, 27.93, 13.86),
(3, 15, 3, 32.84, 17.71),
(3, 15, 4, 35.92, 23.45),
(3, 15, 5, 33.84, 23.89),
(3, 15, 6, 33.39, 25.84),
(3, 15, 7, 31.73, 26.09),
(3, 15, 8, 31.94, 26.07),
(3, 15, 9, 32.3, 25.65),
(3, 15, 10, 31.99, 23.71),
(3, 15, 11, 29.7, 17.5),
(3, 15, 12, 25.96, 12.58),
(3, 16, 1, 24.17, 10.86),
(3, 16, 2, 28.31, 13.9),
(3, 16, 3, 32.81, 17.69),
(3, 16, 4, 35.25, 23.15),
(3, 16, 5, 34.08, 24.12),
(3, 16, 6, 33.12, 25.96),
(3, 16, 7, 31.98, 25.98),
(3, 16, 8, 32.15, 26.11),
(3, 16, 9, 32.27, 25.63),
(3, 16, 10, 32.15, 23.73),
(3, 16, 11, 29.83, 17.5),
(3, 16, 12, 26.06, 12.48),
(3, 17, 1, 24.32, 10.96),
(3, 17, 2, 28.77, 14.2),
(3, 17, 3, 33.48, 17.96),
(3, 17, 4, 35.18, 23.65),
(3, 17, 5, 34.34, 24.5),
(3, 17, 6, 32.66, 25.57),
(3, 17, 7, 31.96, 26.08),
(3, 17, 8, 32.32, 26.29),
(3, 17, 9, 32.23, 25.57),
(3, 17, 10, 31.92, 23.32),
(3, 17, 11, 29.57, 17.67),
(3, 17, 12, 26.07, 12.93),
(3, 18, 1, 24.29, 10.7),
(3, 18, 2, 28.66, 14.24),
(3, 18, 3, 33.77, 18.83),
(3, 18, 4, 35.29, 23.04),
(3, 18, 5, 34.74, 24.31),
(3, 18, 6, 32, 25.67),
(3, 18, 7, 32.18, 26.07),
(3, 18, 8, 32.35, 26.24),
(3, 18, 9, 32.43, 25.74),
(3, 18, 10, 31.27, 23.13),
(3, 18, 11, 29.51, 17.62),
(3, 18, 12, 25.93, 12.84),
(3, 19, 1, 24.35, 10.6),
(3, 19, 2, 28.85, 14.34),
(3, 19, 3, 33.91, 18.96),
(3, 19, 4, 35.39, 23.35),
(3, 19, 5, 34.52, 24.71),
(3, 19, 6, 32.75, 25.56),
(3, 19, 7, 32.17, 25.99),
(3, 19, 8, 32.15, 26.16),
(3, 19, 9, 33, 25.83),
(3, 19, 10, 31.49, 22.93),
(3, 19, 11, 29.44, 17.62),
(3, 19, 12, 25.83, 12.72),
(3, 20, 1, 24.27, 10.47),
(3, 20, 2, 28.6, 14.34),
(3, 20, 3, 34.18, 19.37),
(3, 20, 4, 35.59, 23.47),
(3, 20, 5, 34.33, 24.62),
(3, 20, 6, 33.25, 25.94),
(3, 20, 7, 32.08, 25.99),
(3, 20, 8, 32.34, 26.16),
(3, 20, 9, 32.6, 25.71),
(3, 20, 10, 31.47, 22.74),
(3, 20, 11, 29.32, 17.45),
(3, 20, 12, 25.71, 12.14),
(3, 21, 1, 24.24, 10.62),
(3, 21, 2, 28.57, 14.41),
(3, 21, 3, 34.44, 19.28),
(3, 21, 4, 35.54, 23.07),
(3, 21, 5, 34.13, 24.29),
(3, 21, 6, 32.84, 26.25),
(3, 21, 7, 31.86, 25.92),
(3, 21, 8, 32.64, 26.01),
(3, 21, 9, 32.45, 25.65),
(3, 21, 10, 31.38, 22.57),
(3, 21, 11, 29.15, 16.71),
(3, 21, 12, 25.5, 12.3),
(3, 22, 1, 24.38, 10.57),
(3, 22, 2, 28.62, 14.41),
(3, 22, 3, 34.37, 19.69),
(3, 22, 4, 35.68, 23.38),
(3, 22, 5, 34.16, 24.35),
(3, 22, 6, 32.65, 26),
(3, 22, 7, 31.64, 25.86),
(3, 22, 8, 32.32, 26.14),
(3, 22, 9, 32.01, 25.48),
(3, 22, 10, 31.4, 22.23),
(3, 22, 11, 28.91, 16.44),
(3, 22, 12, 25.08, 12.18),
(3, 23, 1, 24.47, 11.08),
(3, 23, 2, 28.58, 14.21),
(3, 23, 3, 34.31, 20.23),
(3, 23, 4, 35.39, 23.41),
(3, 23, 5, 34.11, 24.15),
(3, 23, 6, 32.64, 26.06),
(3, 23, 7, 32.22, 26),
(3, 23, 8, 32.32, 26.12),
(3, 23, 9, 32.02, 25.46),
(3, 23, 10, 31.22, 22.03),
(3, 23, 11, 28.9, 16.48),
(3, 23, 12, 25.4, 12.32),
(3, 24, 1, 24.15, 11.28),
(3, 24, 2, 29.18, 14.34),
(3, 24, 3, 33.48, 20.13),
(3, 24, 4, 34.87, 23.33),
(3, 24, 5, 34.42, 24.93),
(3, 24, 6, 32.53, 25.93),
(3, 24, 7, 32.51, 26.21),
(3, 24, 8, 32.4, 26.21),
(3, 24, 9, 32.09, 25.31),
(3, 24, 10, 31.31, 21.8),
(3, 24, 11, 28.78, 16.57),
(3, 24, 12, 25.34, 12.21),
(3, 25, 1, 24.8, 10.78),
(3, 25, 2, 29.48, 14.82),
(3, 25, 3, 33.28, 20),
(3, 25, 4, 35.06, 23.27),
(3, 25, 5, 33.79, 24.66),
(3, 25, 6, 32.8, 25.93),
(3, 25, 7, 32.57, 26.29),
(3, 25, 8, 32.3, 26.32),
(3, 25, 9, 32.09, 25.39),
(3, 25, 10, 31.37, 21.42),
(3, 25, 11, 28.49, 16.4),
(3, 25, 12, 25.08, 11.89),
(3, 26, 1, 25.25, 11.17),
(3, 26, 2, 29.46, 14.75),
(3, 26, 3, 33.45, 20.41),
(3, 26, 4, 35.19, 23.55),
(3, 26, 5, 33.61, 24.76),
(3, 26, 6, 32.59, 25.92),
(3, 26, 7, 32.24, 26.3),
(3, 26, 8, 32.62, 26.1),
(3, 26, 9, 31.99, 25.15),
(3, 26, 10, 31.33, 21.14),
(3, 26, 11, 28.63, 15.9),
(3, 26, 12, 24.93, 11.87),
(3, 27, 1, 25.61, 11),
(3, 27, 2, 29.66, 15.14),
(3, 27, 3, 33.53, 20.02),
(3, 27, 4, 34.51, 23.28),
(3, 27, 5, 33.94, 24.99),
(3, 27, 6, 32.51, 26.21),
(3, 27, 7, 31.91, 26.17),
(3, 27, 8, 32.54, 26.07),
(3, 27, 9, 32.15, 25.1),
(3, 27, 10, 30.95, 21.04),
(3, 27, 11, 28.66, 15.79),
(3, 27, 12, 24.88, 11.55),
(3, 28, 1, 25.68, 11.65),
(3, 28, 2, 29.88, 14.91),
(3, 28, 3, 33.85, 19.89),
(3, 28, 4, 34.44, 23.07),
(3, 28, 5, 34.4, 24.91),
(3, 28, 6, 32.19, 26.2),
(3, 28, 7, 31.89, 25.85),
(3, 28, 8, 32.55, 25.88),
(3, 28, 9, 31.81, 25.08),
(3, 28, 10, 30.74, 20.89),
(3, 28, 11, 28.02, 15.48),
(3, 28, 12, 24.48, 11.61),
(3, 29, 1, 25.55, 12.03),
(3, 29, 2, 29.17, 13.85),
(3, 29, 3, 34.45, 20.55),
(3, 29, 4, 34.26, 23.65),
(3, 29, 5, 34.43, 24.91),
(3, 29, 6, 32.19, 26.14),
(3, 29, 7, 31.9, 25.98),
(3, 29, 8, 32.26, 26.08),
(3, 29, 9, 32.13, 24.93),
(3, 29, 10, 30.81, 20.56),
(3, 29, 11, 27.86, 15.11),
(3, 29, 12, 24.57, 11.08),
(3, 30, 1, 25.2, 12.2),
(3, 30, 3, 33.2, 21),
(3, 30, 4, 34.2, 22.9),
(3, 30, 5, 34.4, 25),
(3, 30, 6, 32, 26),
(3, 30, 7, 32.1, 25.9),
(3, 30, 8, 32.3, 26),
(3, 30, 9, 32.4, 24.8),
(3, 30, 10, 30.5, 20.6),
(3, 30, 11, 27.9, 14.7),
(3, 30, 12, 24.2, 11),
(3, 31, 1, 25.7, 12.08),
(3, 31, 3, 34.1, 21.49),
(3, 31, 5, 34.7, 24.81),
(3, 31, 7, 32, 26.02),
(3, 31, 8, 32.5, 26.04),
(3, 31, 10, 30.5, 20.74),
(3, 31, 12, 24.3, 11.18),
(4, 1, 1, 24.86, 11.66),
(4, 1, 2, 26.71, 13.73),
(4, 1, 3, 30.97, 18.1),
(4, 1, 4, 34.46, 23.03),
(4, 1, 5, 35.53, 24.73),
(4, 1, 6, 35.31, 26.58),
(4, 1, 7, 32.57, 26.41),
(4, 1, 8, 32.32, 26.16),
(4, 1, 9, 32.75, 26.1),
(4, 1, 10, 32.92, 25.26),
(4, 1, 11, 30.94, 21.52),
(4, 1, 12, 28.08, 15.41),
(4, 2, 1, 24.62, 11.51),
(4, 2, 2, 26.7, 13.88),
(4, 2, 3, 30.99, 18.31),
(4, 2, 4, 34.81, 23.28),
(4, 2, 5, 34.94, 24.79),
(4, 2, 6, 35.73, 26.68),
(4, 2, 7, 32.21, 26.06),
(4, 2, 8, 32.15, 26.07),
(4, 2, 9, 32.57, 26.17),
(4, 2, 10, 32.76, 25.37),
(4, 2, 11, 31.07, 21.57),
(4, 2, 12, 28.01, 15.3),
(4, 3, 1, 24.66, 11.6),
(4, 3, 2, 26.84, 13.99),
(4, 3, 3, 31.27, 17.83),
(4, 3, 4, 34.63, 23.25),
(4, 3, 5, 35.31, 24.48),
(4, 3, 6, 35.06, 26.45),
(4, 3, 7, 31.92, 26.04),
(4, 3, 8, 31.78, 25.87),
(4, 3, 9, 32.17, 26.01),
(4, 3, 10, 32.82, 25.31),
(4, 3, 11, 31.15, 21.43),
(4, 3, 12, 27.9, 15.03),
(4, 4, 1, 24.26, 11.44),
(4, 4, 2, 26.91, 13.67),
(4, 4, 3, 31.6, 17.89),
(4, 4, 4, 34.48, 23.32),
(4, 4, 5, 35.31, 24.57),
(4, 4, 6, 34.57, 26.03),
(4, 4, 7, 32.29, 26.02),
(4, 4, 8, 32.22, 26.12),
(4, 4, 9, 32.11, 25.94),
(4, 4, 10, 32.69, 25.26),
(4, 4, 11, 31.24, 21),
(4, 4, 12, 27.7, 14.74),
(4, 5, 1, 24.73, 11.24),
(4, 5, 2, 26.95, 14),
(4, 5, 3, 31.59, 18.08),
(4, 5, 4, 34.84, 23.37),
(4, 5, 5, 35.33, 25.24),
(4, 5, 6, 34.1, 25.9),
(4, 5, 7, 32.2, 26.02),
(4, 5, 8, 31.95, 26.05),
(4, 5, 9, 31.9, 25.77),
(4, 5, 10, 32.65, 25.28),
(4, 5, 11, 31.35, 20.83),
(4, 5, 12, 27.58, 14.46),
(4, 6, 1, 24.71, 11.2),
(4, 6, 2, 27.11, 14.09),
(4, 6, 3, 31.7, 18.79),
(4, 6, 4, 35.41, 23.82),
(4, 6, 5, 35.12, 24.67),
(4, 6, 6, 34.28, 25.94),
(4, 6, 7, 32.28, 25.99),
(4, 6, 8, 31.99, 26.13),
(4, 6, 9, 32.2, 25.79),
(4, 6, 10, 32.2, 25.16),
(4, 6, 11, 31.33, 20.82),
(4, 6, 12, 27.63, 14.59),
(4, 7, 1, 24.92, 11.78),
(4, 7, 2, 27.45, 13.97),
(4, 7, 3, 31.89, 18.85),
(4, 7, 4, 35.29, 23.65),
(4, 7, 5, 35.23, 25.04),
(4, 7, 6, 34.36, 26.13),
(4, 7, 7, 31.94, 26.04),
(4, 7, 8, 32.32, 26.1),
(4, 7, 9, 32.72, 25.85),
(4, 7, 10, 32.17, 24.99),
(4, 7, 11, 31.17, 20.5),
(4, 7, 12, 27.76, 14.53),
(4, 8, 1, 25.26, 11.85),
(4, 8, 2, 27.69, 13.99),
(4, 8, 3, 32.24, 18.75),
(4, 8, 4, 35.72, 23.84),
(4, 8, 5, 35.38, 24.97),
(4, 8, 6, 34.5, 26.14),
(4, 8, 7, 32.34, 26.03),
(4, 8, 8, 32.63, 26.22),
(4, 8, 9, 32.41, 26.01),
(4, 8, 10, 32.13, 24.98),
(4, 8, 11, 30.91, 20.34),
(4, 8, 12, 27.31, 14.65),
(4, 9, 1, 24.81, 12.09),
(4, 9, 2, 27.53, 14.45),
(4, 9, 3, 32.59, 18.9),
(4, 9, 4, 35.24, 23.88),
(4, 9, 5, 35.29, 24.89),
(4, 9, 6, 34.41, 26.41),
(4, 9, 7, 32.43, 26.4),
(4, 9, 8, 32.52, 26.33),
(4, 9, 9, 32.19, 25.81),
(4, 9, 10, 32.25, 24.82),
(4, 9, 11, 30.63, 20.19),
(4, 9, 12, 27.13, 14.71),
(4, 10, 1, 24.89, 12.1),
(4, 10, 2, 27.95, 14.63),
(4, 10, 3, 32.78, 19.11),
(4, 10, 4, 35.7, 23.88),
(4, 10, 5, 35.46, 25.56),
(4, 10, 6, 34.26, 26.38),
(4, 10, 7, 32.39, 26.25),
(4, 10, 8, 32.81, 26.35),
(4, 10, 9, 32.13, 25.74),
(4, 10, 10, 32.77, 24.55),
(4, 10, 11, 30.62, 20.24),
(4, 10, 12, 27.16, 14.65),
(4, 11, 1, 24.95, 11.66),
(4, 11, 2, 28.26, 14.47),
(4, 11, 3, 32.68, 20.02),
(4, 11, 4, 35.54, 24.29),
(4, 11, 5, 35.11, 25.14),
(4, 11, 6, 33.63, 26.05),
(4, 11, 7, 32.08, 26.12),
(4, 11, 8, 32.37, 26.49),
(4, 11, 9, 31.56, 25.69),
(4, 11, 10, 33.11, 24.38),
(4, 11, 11, 30.39, 19.87),
(4, 11, 12, 27.29, 14.62),
(4, 12, 1, 25.04, 11.95),
(4, 12, 2, 28.31, 15.05),
(4, 12, 3, 32.83, 20.14),
(4, 12, 4, 35.63, 24.07),
(4, 12, 5, 34.82, 24.96),
(4, 12, 6, 33.52, 26.17),
(4, 12, 7, 32.32, 26.11),
(4, 12, 8, 32.32, 26.36),
(4, 12, 9, 31.73, 25.59),
(4, 12, 10, 33.21, 24.61),
(4, 12, 11, 30.04, 19.46),
(4, 12, 12, 26.97, 14.42),
(4, 13, 1, 25.21, 11.81),
(4, 13, 2, 28.52, 15.22),
(4, 13, 3, 33.02, 19.92),
(4, 13, 4, 35.41, 23.99),
(4, 13, 5, 35.25, 25.56),
(4, 13, 6, 33.28, 26.29),
(4, 13, 7, 32.23, 26.17),
(4, 13, 8, 31.99, 26.26),
(4, 13, 9, 32.14, 25.67),
(4, 13, 10, 32.93, 24.73),
(4, 13, 11, 30.21, 19.11),
(4, 13, 12, 26.66, 14.16),
(4, 14, 1, 25.16, 11.82),
(4, 14, 2, 28.61, 15.59),
(4, 14, 3, 32.98, 19.85),
(4, 14, 4, 35.52, 23.97),
(4, 14, 5, 35.13, 25.37),
(4, 14, 6, 33.61, 26.23),
(4, 14, 7, 32.33, 26.16),
(4, 14, 8, 31.87, 26.12),
(4, 14, 9, 32.46, 25.64),
(4, 14, 10, 32.57, 24.68),
(4, 14, 11, 30.39, 18.89),
(4, 14, 12, 26.57, 14.03),
(4, 15, 1, 25.4, 11.85),
(4, 15, 2, 28.76, 15.63),
(4, 15, 3, 33.53, 19.9),
(4, 15, 4, 35.53, 24.54),
(4, 15, 5, 34.66, 25.23),
(4, 15, 6, 33.4, 26.23),
(4, 15, 7, 32.14, 26.18),
(4, 15, 8, 31.44, 25.96),
(4, 15, 9, 32.76, 25.79),
(4, 15, 10, 32.23, 24.35),
(4, 15, 11, 30.17, 18.58),
(4, 15, 12, 26.52, 13.51),
(4, 16, 1, 25.81, 12.33),
(4, 16, 2, 29.34, 15.6),
(4, 16, 3, 33.56, 20.26),
(4, 16, 4, 35.02, 24.38),
(4, 16, 5, 34.92, 25.3),
(4, 16, 6, 33.23, 26.36),
(4, 16, 7, 32.15, 26.14),
(4, 16, 8, 32.18, 25.91),
(4, 16, 9, 32.71, 25.83),
(4, 16, 10, 32.44, 24.21),
(4, 16, 11, 30.1, 18.84),
(4, 16, 12, 26.54, 13.25),
(4, 17, 1, 25.31, 12.7),
(4, 17, 2, 29.66, 16.21),
(4, 17, 3, 33.81, 20.28),
(4, 17, 4, 35.23, 24.52),
(4, 17, 5, 35.01, 25.5),
(4, 17, 6, 32.74, 26.19),
(4, 17, 7, 32.31, 26.31),
(4, 17, 8, 32.14, 26.2),
(4, 17, 9, 32.65, 25.85),
(4, 17, 10, 32.39, 23.98),
(4, 17, 11, 29.92, 18.98),
(4, 17, 12, 26.3, 13.5),
(4, 18, 1, 25.27, 12.01),
(4, 18, 2, 29.76, 16.71),
(4, 18, 3, 34.13, 21),
(4, 18, 4, 35.21, 24.56),
(4, 18, 5, 35.44, 25.23),
(4, 18, 6, 32.81, 25.82),
(4, 18, 7, 32.13, 26.23),
(4, 18, 8, 32.48, 26.37),
(4, 18, 9, 32.76, 25.89),
(4, 18, 10, 32.01, 23.9),
(4, 18, 11, 29.71, 18.68),
(4, 18, 12, 26.37, 13.83),
(4, 19, 1, 25.38, 11.88),
(4, 19, 2, 29.87, 16.52),
(4, 19, 3, 34.28, 21.03),
(4, 19, 4, 35.51, 24.59),
(4, 19, 5, 35.2, 25.66),
(4, 19, 6, 32.86, 26.07),
(4, 19, 7, 31.75, 26.24),
(4, 19, 8, 32.27, 26.23),
(4, 19, 9, 33.05, 25.87),
(4, 19, 10, 32.06, 23.53),
(4, 19, 11, 29.78, 18.64),
(4, 19, 12, 26.47, 13.56),
(4, 20, 1, 25.53, 11.89),
(4, 20, 2, 29.59, 16.23),
(4, 20, 3, 34.7, 21.58),
(4, 20, 4, 36.04, 24.82),
(4, 20, 5, 35.28, 25.34),
(4, 20, 6, 32.89, 26.06),
(4, 20, 7, 31.77, 25.97),
(4, 20, 8, 32.1, 26.15),
(4, 20, 9, 32.66, 25.89),
(4, 20, 10, 31.98, 23.59),
(4, 20, 11, 29.76, 18.54),
(4, 20, 12, 26.41, 13.38),
(4, 21, 1, 25.34, 12.01),
(4, 21, 2, 29.53, 16.39),
(4, 21, 3, 34.7, 21.46),
(4, 21, 4, 36.08, 24.75),
(4, 21, 5, 34.95, 25.35),
(4, 21, 6, 32.7, 26.34),
(4, 21, 7, 31.53, 25.98),
(4, 21, 8, 32.15, 26.04),
(4, 21, 9, 32.58, 25.71),
(4, 21, 10, 31.94, 23.19),
(4, 21, 11, 29.44, 18.17),
(4, 21, 12, 26.18, 13.12),
(4, 22, 1, 25.49, 11.79),
(4, 22, 2, 29.6, 16.52),
(4, 22, 3, 34.78, 22.16),
(4, 22, 4, 35.88, 24.95),
(4, 22, 5, 35.23, 25.55),
(4, 22, 6, 32.41, 26.14),
(4, 22, 7, 31.58, 25.86),
(4, 22, 8, 32.22, 26.16),
(4, 22, 9, 32.51, 25.69),
(4, 22, 10, 31.92, 22.85),
(4, 22, 11, 29.06, 17.39),
(4, 22, 12, 25.91, 12.94),
(4, 23, 1, 25.49, 12.17),
(4, 23, 2, 29.99, 16.31),
(4, 23, 3, 33.92, 21.94),
(4, 23, 4, 35.7, 24.79),
(4, 23, 5, 34.81, 25.22),
(4, 23, 6, 32.43, 26.18),
(4, 23, 7, 31.96, 25.94),
(4, 23, 8, 32.24, 26.2),
(4, 23, 9, 32.14, 25.57),
(4, 23, 10, 31.86, 22.61),
(4, 23, 11, 29.14, 17.45),
(4, 23, 12, 25.97, 12.98),
(4, 24, 1, 25.54, 12.51),
(4, 24, 2, 30.22, 16.41),
(4, 24, 3, 33.58, 22.12),
(4, 24, 4, 35.91, 24.78),
(4, 24, 5, 34.77, 25.63),
(4, 24, 6, 32.73, 26.42),
(4, 24, 7, 32.45, 26.13),
(4, 24, 8, 32.68, 26.24),
(4, 24, 9, 32.43, 25.56),
(4, 24, 10, 31.57, 22.4),
(4, 24, 11, 28.97, 17.67),
(4, 24, 12, 26.04, 12.96),
(4, 25, 1, 25.51, 12.05),
(4, 25, 2, 30.73, 16.95),
(4, 25, 3, 33.57, 21.85),
(4, 25, 4, 35.65, 24.61),
(4, 25, 5, 34.77, 25.77),
(4, 25, 6, 32.52, 26.02),
(4, 25, 7, 32.62, 26.32),
(4, 25, 8, 32.79, 26.47),
(4, 25, 9, 32.62, 25.68),
(4, 25, 10, 31.65, 22.3),
(4, 25, 11, 29.02, 17.3),
(4, 25, 12, 25.88, 12.59),
(4, 26, 1, 25.93, 12.14),
(4, 26, 2, 30.5, 17.52),
(4, 26, 3, 33.84, 21.92),
(4, 26, 4, 35.28, 24.51),
(4, 26, 5, 34.64, 25.67),
(4, 26, 6, 32.14, 26.09),
(4, 26, 7, 32.43, 26.47),
(4, 26, 8, 32.32, 26.21),
(4, 26, 9, 32.38, 25.51),
(4, 26, 10, 31.57, 22.02),
(4, 26, 11, 28.85, 16.9),
(4, 26, 12, 25.53, 12.54),
(4, 27, 1, 26.41, 11.97),
(4, 27, 2, 30.43, 17.42),
(4, 27, 3, 33.98, 22.06),
(4, 27, 4, 35.21, 24.39),
(4, 27, 5, 34.2, 25.35),
(4, 27, 6, 32.43, 26.19),
(4, 27, 7, 32.17, 26.25),
(4, 27, 8, 32.2, 26.04),
(4, 27, 9, 32.55, 25.52),
(4, 27, 10, 31.35, 21.88),
(4, 27, 11, 28.73, 16.61),
(4, 27, 12, 25.75, 12.43),
(4, 28, 1, 26.33, 12.58),
(4, 28, 2, 31.15, 17.49),
(4, 28, 3, 33.97, 21.75),
(4, 28, 4, 35.18, 24.66),
(4, 28, 5, 34.85, 25.7),
(4, 28, 6, 32.39, 26.22),
(4, 28, 7, 31.94, 26.03),
(4, 28, 8, 32.33, 26.12),
(4, 28, 9, 32.49, 25.21),
(4, 28, 10, 31.04, 21.57),
(4, 28, 11, 28.38, 16.54),
(4, 28, 12, 25.18, 12.25),
(4, 29, 1, 26.69, 12.82),
(4, 29, 2, 30.5, 16.58),
(4, 29, 3, 34.23, 22.41),
(4, 29, 4, 35, 24.47),
(4, 29, 5, 34.88, 26.18),
(4, 29, 6, 32.15, 26.05),
(4, 29, 7, 32.18, 26.14),
(4, 29, 8, 32.47, 26.07),
(4, 29, 9, 32.57, 25.29),
(4, 29, 10, 30.84, 21.26),
(4, 29, 11, 28.31, 15.91),
(4, 29, 12, 25.28, 11.95),
(4, 30, 1, 26.8, 13.1),
(4, 30, 3, 33.8, 22.4),
(4, 30, 4, 35.3, 24.1),
(4, 30, 5, 35.4, 25.9),
(4, 30, 6, 32.1, 26.1),
(4, 30, 7, 32.2, 26),
(4, 30, 8, 32.5, 26),
(4, 30, 9, 32.9, 25.2),
(4, 30, 10, 30.7, 21.4),
(4, 30, 11, 28.2, 15.7),
(4, 30, 12, 25.2, 11.5),
(4, 31, 1, 26.9, 13.27),
(4, 31, 3, 34.3, 22.47),
(4, 31, 5, 35.4, 25.91),
(4, 31, 7, 32.2, 26.21),
(4, 31, 8, 32.3, 26.18),
(4, 31, 10, 31, 21.5),
(4, 31, 12, 25.2, 11.76),
(5, 1, 1, 25.11, 10.92),
(5, 1, 2, 26.15, 12.26),
(5, 1, 3, 29.47, 15.36),
(5, 1, 4, 31.47, 19.92),
(5, 1, 5, 31.29, 21.68),
(5, 1, 6, 30.68, 23.74),
(5, 1, 7, 31.49, 25.21),
(5, 1, 8, 32.26, 25.19),
(5, 1, 9, 32.01, 24.84),
(5, 1, 10, 31.74, 24.07),
(5, 1, 11, 30.54, 19.99),
(5, 1, 12, 27.63, 14.83),
(5, 2, 1, 25.29, 11.06),
(5, 2, 2, 25.89, 12.56),
(5, 2, 3, 29.87, 15.99),
(5, 2, 4, 31.58, 20.12),
(5, 2, 5, 30.85, 21.51),
(5, 2, 6, 30.95, 23.53),
(5, 2, 7, 31.54, 25.01),
(5, 2, 8, 32.12, 25.17),
(5, 2, 9, 32.08, 24.93),
(5, 2, 10, 31.89, 23.97),
(5, 2, 11, 30.84, 20.27),
(5, 2, 12, 27.69, 14.49),
(5, 3, 1, 25.32, 10.85),
(5, 3, 2, 26.15, 12.24),
(5, 3, 3, 29.87, 15.91),
(5, 3, 4, 31.56, 20.29),
(5, 3, 5, 31.08, 21.63),
(5, 3, 6, 31.63, 23.67),
(5, 3, 7, 31.41, 25.02),
(5, 3, 8, 31.84, 25.2),
(5, 3, 9, 31.7, 24.82),
(5, 3, 10, 31.78, 24.03),
(5, 3, 11, 30.59, 20.35),
(5, 3, 12, 27.81, 14.35),
(5, 4, 1, 25.06, 10.95),
(5, 4, 2, 26.24, 12.27),
(5, 4, 3, 30.19, 15.64),
(5, 4, 4, 31.71, 20.53),
(5, 4, 5, 31.39, 22.34),
(5, 4, 6, 31.81, 24),
(5, 4, 7, 31.55, 24.82),
(5, 4, 8, 32.13, 25.07),
(5, 4, 9, 31.59, 24.71),
(5, 4, 10, 31.77, 24.06),
(5, 4, 11, 30.68, 19.84),
(5, 4, 12, 27.47, 14.2),
(5, 5, 1, 24.71, 10.86),
(5, 5, 2, 25.95, 12.45),
(5, 5, 3, 30.12, 16.14),
(5, 5, 4, 32.17, 20.7),
(5, 5, 5, 31.13, 22.19),
(5, 5, 6, 31.17, 23.84),
(5, 5, 7, 31.29, 25.06),
(5, 5, 8, 31.81, 25.11),
(5, 5, 9, 31.55, 24.7),
(5, 5, 10, 31.39, 23.84),
(5, 5, 11, 30.26, 19.7),
(5, 5, 12, 27.96, 14.13),
(5, 6, 1, 25.05, 10.82),
(5, 6, 2, 26.3, 12.39),
(5, 6, 3, 30.21, 16.58),
(5, 6, 4, 32.22, 20.86),
(5, 6, 5, 30.88, 22.03),
(5, 6, 6, 31.56, 24.08),
(5, 6, 7, 31.54, 25.09),
(5, 6, 8, 32.34, 25.08),
(5, 6, 9, 31.85, 24.77),
(5, 6, 10, 31.59, 23.7),
(5, 6, 11, 30.57, 19.28),
(5, 6, 12, 27.65, 13.99),
(5, 7, 1, 24.95, 11.16),
(5, 7, 2, 26.94, 12.24),
(5, 7, 3, 30.1, 16.71),
(5, 7, 4, 32.37, 20.85),
(5, 7, 5, 30.73, 21.9),
(5, 7, 6, 31.69, 24.14),
(5, 7, 7, 31.63, 25.01),
(5, 7, 8, 32.63, 25.28),
(5, 7, 9, 32.2, 24.83),
(5, 7, 10, 31.16, 23.86),
(5, 7, 11, 30.28, 19.18),
(5, 7, 12, 27.58, 13.74),
(5, 8, 1, 24.82, 11.44),
(5, 8, 2, 26.85, 12.03),
(5, 8, 3, 30.46, 16.36),
(5, 8, 4, 32.38, 21.17),
(5, 8, 5, 31.38, 22.15),
(5, 8, 6, 31.31, 24.3),
(5, 8, 7, 31.93, 25.14),
(5, 8, 8, 32.85, 25.34),
(5, 8, 9, 32.28, 25),
(5, 8, 10, 30.61, 23.11),
(5, 8, 11, 30.22, 18.85),
(5, 8, 12, 27.36, 13.61),
(5, 9, 1, 24.76, 11.41),
(5, 9, 2, 27.04, 12.04),
(5, 9, 3, 30.87, 16.34),
(5, 9, 4, 31.71, 21.38),
(5, 9, 5, 31.96, 22.72),
(5, 9, 6, 31.41, 24.32),
(5, 9, 7, 31.95, 25.29),
(5, 9, 8, 32.75, 25.34),
(5, 9, 9, 32.31, 24.87),
(5, 9, 10, 30.6, 23.08),
(5, 9, 11, 29.63, 18.59),
(5, 9, 12, 27.05, 13.69),
(5, 10, 1, 24.76, 11.58),
(5, 10, 2, 27.11, 12.96),
(5, 10, 3, 31.07, 16.9),
(5, 10, 4, 31.69, 21.14),
(5, 10, 5, 31.38, 22.58),
(5, 10, 6, 31.35, 24.51),
(5, 10, 7, 31.49, 25.34),
(5, 10, 8, 32.5, 25.4),
(5, 10, 9, 31.87, 24.83),
(5, 10, 10, 31.63, 23.13),
(5, 10, 11, 29.09, 18.52),
(5, 10, 12, 26.78, 14.4),
(5, 11, 1, 24.69, 11.04),
(5, 11, 2, 27.91, 12.7),
(5, 11, 3, 31.07, 17.31),
(5, 11, 4, 32.2, 21.06),
(5, 11, 5, 31.06, 22.22),
(5, 11, 6, 31.66, 24.35),
(5, 11, 7, 31.31, 25.11),
(5, 11, 8, 32.18, 25.5),
(5, 11, 9, 31.63, 24.67),
(5, 11, 10, 31.97, 23.03),
(5, 11, 11, 29.29, 18.41),
(5, 11, 12, 26.93, 13.95),
(5, 12, 1, 24.5, 11.11),
(5, 12, 2, 27.58, 13.2),
(5, 12, 3, 30.83, 17.76),
(5, 12, 4, 31.59, 21.26),
(5, 12, 5, 31.54, 22.62),
(5, 12, 6, 31.41, 24.57),
(5, 12, 7, 31.84, 25.12),
(5, 12, 8, 32.71, 25.29),
(5, 12, 9, 31.52, 24.55),
(5, 12, 10, 32.35, 23.1),
(5, 12, 11, 29.34, 18.03),
(5, 12, 12, 27, 13.27),
(5, 13, 1, 24.92, 11.33),
(5, 13, 2, 27.9, 13.01),
(5, 13, 3, 31.33, 17.83),
(5, 13, 4, 32.34, 21.18),
(5, 13, 5, 31.96, 22.68),
(5, 13, 6, 31.13, 24.58),
(5, 13, 7, 31.76, 25.22),
(5, 13, 8, 32.39, 25.56),
(5, 13, 9, 31.69, 24.7),
(5, 13, 10, 32.11, 23.09),
(5, 13, 11, 29.53, 17.66),
(5, 13, 12, 26.64, 13.32),
(5, 14, 1, 24.91, 11.11),
(5, 14, 2, 27.66, 13.36),
(5, 14, 3, 31.29, 17.64),
(5, 14, 4, 32.5, 21.28),
(5, 14, 5, 31.74, 22.86),
(5, 14, 6, 31.35, 24.48),
(5, 14, 7, 31.67, 25.22),
(5, 14, 8, 32.06, 25.35),
(5, 14, 9, 31.95, 24.42),
(5, 14, 10, 31.79, 22.98),
(5, 14, 11, 29.25, 17.36),
(5, 14, 12, 26.5, 13.17),
(5, 15, 1, 24.96, 10.44),
(5, 15, 2, 28.05, 13.74),
(5, 15, 3, 31.64, 17.4),
(5, 15, 4, 32.17, 21.78),
(5, 15, 5, 31.41, 22.56),
(5, 15, 6, 31.78, 24.69),
(5, 15, 7, 31.65, 25.15),
(5, 15, 8, 31.92, 25.29),
(5, 15, 9, 32.02, 24.66),
(5, 15, 10, 31.99, 23),
(5, 15, 11, 29.29, 17.26),
(5, 15, 12, 26.49, 13.13),
(5, 16, 1, 25.04, 11),
(5, 16, 2, 28.33, 13.65),
(5, 16, 3, 31.47, 17.99),
(5, 16, 4, 32.16, 21.4),
(5, 16, 5, 31.61, 22.72),
(5, 16, 6, 31.16, 24.75),
(5, 16, 7, 31.57, 25.17),
(5, 16, 8, 32.04, 25.23),
(5, 16, 9, 31.72, 24.76),
(5, 16, 10, 31.95, 22.67),
(5, 16, 11, 29.36, 17.14),
(5, 16, 12, 26.55, 12.68),
(5, 17, 1, 24.94, 11.24),
(5, 17, 2, 28.48, 14.22),
(5, 17, 3, 32.13, 17.83),
(5, 17, 4, 31.74, 21.73),
(5, 17, 5, 32.16, 23.3),
(5, 17, 6, 31.04, 24.6),
(5, 17, 7, 31.85, 25.15),
(5, 17, 8, 31.9, 25.24),
(5, 17, 9, 31.73, 24.35),
(5, 17, 10, 31.69, 22.85),
(5, 17, 11, 29.16, 17.37),
(5, 17, 12, 26.46, 12.77),
(5, 18, 1, 25.07, 11.07),
(5, 18, 2, 28.41, 14.38),
(5, 18, 3, 32.01, 18.51),
(5, 18, 4, 31.43, 21.13),
(5, 18, 5, 32.15, 23.27),
(5, 18, 6, 31.53, 24.74),
(5, 18, 7, 31.49, 25.1),
(5, 18, 8, 32.4, 25.14),
(5, 18, 9, 31.72, 24.43),
(5, 18, 10, 30.89, 22.48),
(5, 18, 11, 29.02, 17.29),
(5, 18, 12, 26.32, 12.95),
(5, 19, 1, 25.08, 11.14),
(5, 19, 2, 28.46, 14.35),
(5, 19, 3, 32.19, 18.32),
(5, 19, 4, 32.07, 21.3),
(5, 19, 5, 31.76, 23.27),
(5, 19, 6, 31.64, 24.89),
(5, 19, 7, 31.22, 24.93),
(5, 19, 8, 32.24, 25.2),
(5, 19, 9, 32.34, 24.57),
(5, 19, 10, 31.46, 22.45),
(5, 19, 11, 28.99, 17.16),
(5, 19, 12, 26.25, 12.87),
(5, 20, 1, 25.03, 10.89),
(5, 20, 2, 28.48, 14.18),
(5, 20, 3, 32.13, 18.85),
(5, 20, 4, 31.86, 21.67),
(5, 20, 5, 31.71, 23.31),
(5, 20, 6, 31.82, 24.86),
(5, 20, 7, 31.45, 25.05),
(5, 20, 8, 32.31, 25.26),
(5, 20, 9, 31.96, 24.59),
(5, 20, 10, 30.99, 22.42),
(5, 20, 11, 28.98, 16.93),
(5, 20, 12, 26.3, 12.55),
(5, 21, 1, 25.21, 11.14),
(5, 21, 2, 28.31, 14.07),
(5, 21, 3, 32.24, 18.99),
(5, 21, 4, 32, 21.4),
(5, 21, 5, 30.95, 22.85),
(5, 21, 6, 31.55, 24.9),
(5, 21, 7, 31.5, 25.03),
(5, 21, 8, 31.96, 25.2),
(5, 21, 9, 32.53, 24.37),
(5, 21, 10, 31.02, 21.81),
(5, 21, 11, 28.77, 16.79),
(5, 21, 12, 26.16, 12.53),
(5, 22, 1, 25.25, 10.85),
(5, 22, 2, 28.55, 14.14),
(5, 22, 3, 32.22, 19.24),
(5, 22, 4, 32.41, 21.63),
(5, 22, 5, 31.55, 23.05),
(5, 22, 6, 31.98, 25.05),
(5, 22, 7, 31.42, 25.05),
(5, 22, 8, 32.26, 25.19),
(5, 22, 9, 31.66, 24.47),
(5, 22, 10, 31.1, 21.73),
(5, 22, 11, 28.73, 16.39),
(5, 22, 12, 26.1, 12.49),
(5, 23, 1, 24.94, 10.85),
(5, 23, 2, 28.35, 14.66),
(5, 23, 3, 31.73, 19.27),
(5, 23, 4, 31.67, 21.63),
(5, 23, 5, 31.96, 23.09),
(5, 23, 6, 31.63, 25.04),
(5, 23, 7, 31.73, 24.95),
(5, 23, 8, 32.04, 25.06),
(5, 23, 9, 31.57, 24.41),
(5, 23, 10, 31.34, 21.42),
(5, 23, 11, 28.77, 16.21),
(5, 23, 12, 25.95, 12.43),
(5, 24, 1, 25.29, 11.26),
(5, 24, 2, 28.75, 14.23),
(5, 24, 3, 31.53, 19.41),
(5, 24, 4, 32.06, 21.35),
(5, 24, 5, 31.97, 23.37),
(5, 24, 6, 31.46, 24.85),
(5, 24, 7, 31.82, 25.04),
(5, 24, 8, 31.7, 25.15),
(5, 24, 9, 31.48, 24.41),
(5, 24, 10, 31.29, 21.15),
(5, 24, 11, 28.39, 16.29),
(5, 24, 12, 25.88, 12.3),
(5, 25, 1, 25.7, 11.04),
(5, 25, 2, 28.98, 15.01),
(5, 25, 3, 31.45, 19.66),
(5, 25, 4, 31.92, 21.38),
(5, 25, 5, 32.69, 23.66),
(5, 25, 6, 31.73, 24.96),
(5, 25, 7, 31.71, 25.17),
(5, 25, 8, 31.58, 25.19),
(5, 25, 9, 31.59, 24.25),
(5, 25, 10, 31.22, 21.16),
(5, 25, 11, 28.52, 16.34),
(5, 25, 12, 25.85, 12.26),
(5, 26, 1, 25.82, 11.14),
(5, 26, 2, 29.41, 15.01),
(5, 26, 3, 31.58, 19.47),
(5, 26, 4, 31.68, 21.56),
(5, 26, 5, 31.65, 23.89),
(5, 26, 6, 31.65, 25.14),
(5, 26, 7, 31.95, 25.15),
(5, 26, 8, 31.9, 25),
(5, 26, 9, 31.49, 24.27),
(5, 26, 10, 31.18, 20.84),
(5, 26, 11, 28.8, 16.06),
(5, 26, 12, 25.67, 12.22),
(5, 27, 1, 26.39, 11.22),
(5, 27, 2, 29.06, 15.27),
(5, 27, 3, 31.52, 19.52),
(5, 27, 4, 30.98, 21.71),
(5, 27, 5, 31.28, 23.52),
(5, 27, 6, 32.02, 25.05),
(5, 27, 7, 32.04, 25.04),
(5, 27, 8, 32.1, 25.09),
(5, 27, 9, 31.3, 24.15),
(5, 27, 10, 30.91, 20.86),
(5, 27, 11, 28.53, 15.78),
(5, 27, 12, 25.73, 11.86),
(5, 28, 1, 26.07, 11.59),
(5, 28, 2, 29.36, 15.1),
(5, 28, 3, 31.65, 19.37),
(5, 28, 4, 30.92, 21.41),
(5, 28, 5, 31.34, 23.82),
(5, 28, 6, 31.85, 25.18),
(5, 28, 7, 31.7, 25.05),
(5, 28, 8, 32.16, 25),
(5, 28, 9, 31.43, 24.11),
(5, 28, 10, 30.84, 20.46),
(5, 28, 11, 27.97, 15.42),
(5, 28, 12, 25.01, 11.87),
(5, 29, 1, 26.07, 11.78),
(5, 29, 2, 28.45, 14.1),
(5, 29, 3, 31.98, 19.61),
(5, 29, 4, 31.14, 21.71),
(5, 29, 5, 31.43, 23.58),
(5, 29, 6, 31.42, 25.24),
(5, 29, 7, 31.53, 25.09),
(5, 29, 8, 32.21, 25.18),
(5, 29, 9, 31.61, 24.02),
(5, 29, 10, 30.95, 20.13),
(5, 29, 11, 27.91, 15.34),
(5, 29, 12, 25.08, 11.47),
(5, 30, 1, 26.3, 12),
(5, 30, 3, 31.4, 19.7),
(5, 30, 4, 31.3, 21.5),
(5, 30, 5, 31.7, 23.7),
(5, 30, 6, 31.2, 25.2),
(5, 30, 7, 31.4, 25),
(5, 30, 8, 32, 25.1),
(5, 30, 9, 31.7, 24.1),
(5, 30, 10, 30.4, 20.3),
(5, 30, 11, 27.8, 14.9),
(5, 30, 12, 25.1, 11),
(5, 31, 1, 26.5, 12.13),
(5, 31, 3, 31.2, 19.8),
(5, 31, 5, 31.5, 23.71),
(5, 31, 7, 32.1, 25.09),
(5, 31, 8, 32, 25.05),
(5, 31, 10, 30, 20.31),
(5, 31, 12, 25.1, 11.02),
(6, 1, 1, 25.09, 12.55),
(6, 1, 2, 27.09, 14.45),
(6, 1, 3, 30.61, 18.61),
(6, 1, 4, 32.67, 23.09),
(6, 1, 5, 33.29, 24.71),
(6, 1, 6, 33.16, 26.22),
(6, 1, 7, 30.61, 25.82),
(6, 1, 8, 30.95, 25.83),
(6, 1, 9, 31.32, 25.94),
(6, 1, 10, 31.91, 25.39),
(6, 1, 11, 30.77, 22.16),
(6, 1, 12, 27.93, 16.18),
(6, 2, 1, 25.08, 12.66),
(6, 2, 2, 26.65, 14.78),
(6, 2, 3, 30.49, 19.23),
(6, 2, 4, 32.81, 23.54),
(6, 2, 5, 33.1, 24.6),
(6, 2, 6, 33.24, 26.23),
(6, 2, 7, 30.79, 25.61),
(6, 2, 8, 30.68, 25.92),
(6, 2, 9, 31.09, 25.91),
(6, 2, 10, 31.91, 25.18),
(6, 2, 11, 31, 22.12),
(6, 2, 12, 27.96, 16.31),
(6, 3, 1, 25.04, 12.67),
(6, 3, 2, 26.73, 14.76),
(6, 3, 3, 30.49, 19.1),
(6, 3, 4, 32.89, 23.53),
(6, 3, 5, 33.29, 24.38),
(6, 3, 6, 32.71, 26.2),
(6, 3, 7, 30.6, 25.64),
(6, 3, 8, 30.52, 25.69),
(6, 3, 9, 30.85, 25.55),
(6, 3, 10, 31.88, 25.2),
(6, 3, 11, 30.58, 22.16),
(6, 3, 12, 27.82, 15.99),
(6, 4, 1, 25.08, 12.39),
(6, 4, 2, 26.93, 14.6),
(6, 4, 3, 30.81, 18.48),
(6, 4, 4, 32.79, 23.59),
(6, 4, 5, 33.23, 24.71),
(6, 4, 6, 32.08, 25.65),
(6, 4, 7, 31.03, 25.72),
(6, 4, 8, 30.99, 25.84),
(6, 4, 9, 30.79, 25.64),
(6, 4, 10, 31.92, 25.31),
(6, 4, 11, 30.83, 21.79),
(6, 4, 12, 27.7, 15.74),
(6, 5, 1, 24.91, 12.17),
(6, 5, 2, 27.17, 14.33),
(6, 5, 3, 30.78, 18.88),
(6, 5, 4, 33.09, 23.5),
(6, 5, 5, 33.12, 24.92),
(6, 5, 6, 32.38, 25.58),
(6, 5, 7, 30.89, 25.82),
(6, 5, 8, 30.7, 25.77),
(6, 5, 9, 30.67, 25.38),
(6, 5, 10, 31.85, 25.27),
(6, 5, 11, 31.02, 21.62),
(6, 5, 12, 27.66, 15.59),
(6, 6, 1, 25.1, 12.06),
(6, 6, 2, 27.02, 14.56),
(6, 6, 3, 30.96, 19.41),
(6, 6, 4, 33.44, 24.17),
(6, 6, 5, 32.84, 24.63),
(6, 6, 6, 32.36, 25.88),
(6, 6, 7, 30.73, 25.79),
(6, 6, 8, 30.73, 25.67),
(6, 6, 9, 31.1, 25.66),
(6, 6, 10, 31.27, 25.06),
(6, 6, 11, 30.71, 21.45),
(6, 6, 12, 27.7, 15.37),
(6, 7, 1, 25.28, 12.76),
(6, 7, 2, 27.28, 14.45),
(6, 7, 3, 31.15, 19.74),
(6, 7, 4, 33.13, 23.79),
(6, 7, 5, 32.59, 24.61),
(6, 7, 6, 32.3, 26.02),
(6, 7, 7, 30.4, 25.66),
(6, 7, 8, 30.94, 25.8),
(6, 7, 9, 31.38, 25.84),
(6, 7, 10, 31.17, 24.76),
(6, 7, 11, 30.62, 21.5),
(6, 7, 12, 27.77, 15.36),
(6, 8, 1, 25.56, 12.78),
(6, 8, 2, 27.71, 14.31),
(6, 8, 3, 31.35, 19.59),
(6, 8, 4, 33.32, 23.81),
(6, 8, 5, 32.91, 24.4),
(6, 8, 6, 32.3, 25.96),
(6, 8, 7, 30.66, 25.67),
(6, 8, 8, 31.16, 25.95),
(6, 8, 9, 31.24, 25.84),
(6, 8, 10, 31.36, 24.8),
(6, 8, 11, 30.27, 21.18),
(6, 8, 12, 27.5, 15.32),
(6, 9, 1, 25.31, 12.89),
(6, 9, 2, 27.57, 14.66),
(6, 9, 3, 31.66, 19.69),
(6, 9, 4, 33.14, 23.86),
(6, 9, 5, 33.26, 24.78),
(6, 9, 6, 32.52, 26.29),
(6, 9, 7, 30.96, 25.89),
(6, 9, 8, 31.06, 25.94),
(6, 9, 9, 31.18, 25.73),
(6, 9, 10, 31.68, 24.84),
(6, 9, 11, 30.01, 20.96),
(6, 9, 12, 27.13, 15.49),
(6, 10, 1, 25.22, 13.03),
(6, 10, 2, 27.8, 14.7),
(6, 10, 3, 31.97, 19.93),
(6, 10, 4, 33.21, 23.82),
(6, 10, 5, 33.11, 25.64),
(6, 10, 6, 32.1, 26.12),
(6, 10, 7, 30.91, 25.74),
(6, 10, 8, 31.57, 25.87),
(6, 10, 9, 30.94, 25.62),
(6, 10, 10, 32.11, 24.82),
(6, 10, 11, 29.94, 20.98),
(6, 10, 12, 27.02, 15.29),
(6, 11, 1, 25.35, 12.71),
(6, 11, 2, 28.28, 14.79),
(6, 11, 3, 32.02, 20.43),
(6, 11, 4, 33.1, 24.32),
(6, 11, 5, 33.02, 24.93),
(6, 11, 6, 31.85, 25.9),
(6, 11, 7, 30.84, 25.74),
(6, 11, 8, 31.31, 26.18),
(6, 11, 9, 30.67, 25.54),
(6, 11, 10, 32.25, 24.74),
(6, 11, 11, 29.84, 20.71),
(6, 11, 12, 27.25, 15.41),
(6, 12, 1, 25.21, 12.78),
(6, 12, 2, 28.24, 15.37),
(6, 12, 3, 31.96, 20.61),
(6, 12, 4, 33.1, 24.15),
(6, 12, 5, 33, 24.99),
(6, 12, 6, 31.78, 26.03),
(6, 12, 7, 31.03, 25.73),
(6, 12, 8, 31.21, 26.14),
(6, 12, 9, 30.63, 25.36),
(6, 12, 10, 32.51, 24.88),
(6, 12, 11, 29.75, 20.25),
(6, 12, 12, 27.17, 15),
(6, 13, 1, 25.36, 12.75),
(6, 13, 2, 28.42, 15.48),
(6, 13, 3, 31.87, 20.66),
(6, 13, 4, 33.3, 23.93),
(6, 13, 5, 33.29, 25.06),
(6, 13, 6, 31.53, 26),
(6, 13, 7, 31, 25.91),
(6, 13, 8, 30.85, 25.9),
(6, 13, 9, 31.4, 25.67),
(6, 13, 10, 32.03, 24.97),
(6, 13, 11, 29.8, 19.9),
(6, 13, 12, 27, 14.82),
(6, 14, 1, 25.4, 12.61),
(6, 14, 2, 28.46, 15.86),
(6, 14, 3, 32.13, 20.56),
(6, 14, 4, 33.25, 24.24),
(6, 14, 5, 32.88, 25.07),
(6, 14, 6, 31.53, 25.97),
(6, 14, 7, 30.93, 25.75),
(6, 14, 8, 30.52, 25.84),
(6, 14, 9, 31.32, 25.68),
(6, 14, 10, 31.69, 24.67),
(6, 14, 11, 29.97, 19.65),
(6, 14, 12, 26.7, 14.66),
(6, 15, 1, 25.74, 12.72),
(6, 15, 2, 28.68, 16.44),
(6, 15, 3, 32.28, 20.52),
(6, 15, 4, 33.17, 24.47),
(6, 15, 5, 32.55, 24.95),
(6, 15, 6, 31.36, 25.92),
(6, 15, 7, 30.75, 25.6),
(6, 15, 8, 30.49, 25.66),
(6, 15, 9, 31.77, 25.74),
(6, 15, 10, 31.43, 24.55),
(6, 15, 11, 29.73, 19.46),
(6, 15, 12, 26.69, 14.31),
(6, 16, 1, 26, 13.04),
(6, 16, 2, 29.02, 16.36),
(6, 16, 3, 32.6, 20.8),
(6, 16, 4, 32.76, 24.57),
(6, 16, 5, 33.13, 25.34),
(6, 16, 6, 31.25, 25.81),
(6, 16, 7, 30.87, 25.83),
(6, 16, 8, 30.83, 25.75),
(6, 16, 9, 31.26, 25.56),
(6, 16, 10, 31.81, 24.31),
(6, 16, 11, 29.69, 19.53),
(6, 16, 12, 26.71, 14.23),
(6, 17, 1, 25.55, 13.6),
(6, 17, 2, 29.19, 16.82),
(6, 17, 3, 32.6, 20.76),
(6, 17, 4, 33, 24.45),
(6, 17, 5, 33.16, 25.39),
(6, 17, 6, 31.14, 25.71),
(6, 17, 7, 30.97, 25.83),
(6, 17, 8, 30.94, 25.89),
(6, 17, 9, 31.72, 25.56),
(6, 17, 10, 31.82, 24.4),
(6, 17, 11, 29.52, 19.4),
(6, 17, 12, 26.4, 14.22),
(6, 18, 1, 25.48, 13.01),
(6, 18, 2, 29.08, 17.07),
(6, 18, 3, 32.9, 21.44),
(6, 18, 4, 32.76, 24.58),
(6, 18, 5, 33.42, 24.92),
(6, 18, 6, 31.27, 25.77),
(6, 18, 7, 30.72, 26.01),
(6, 18, 8, 31.14, 25.97),
(6, 18, 9, 32, 25.69),
(6, 18, 10, 31.69, 24.07),
(6, 18, 11, 29.27, 19.41),
(6, 18, 12, 26.33, 14.28),
(6, 19, 1, 25.41, 12.71),
(6, 19, 2, 29.25, 17),
(6, 19, 3, 32.97, 21.64),
(6, 19, 4, 33.04, 24.5),
(6, 19, 5, 33.06, 25.66),
(6, 19, 6, 31.37, 25.87),
(6, 19, 7, 30.22, 25.73),
(6, 19, 8, 31.01, 25.96),
(6, 19, 9, 32.21, 25.9),
(6, 19, 10, 31.57, 24.14),
(6, 19, 11, 29.29, 19.13),
(6, 19, 12, 26.68, 14.25),
(6, 20, 1, 25.7, 12.74),
(6, 20, 2, 29.2, 16.69),
(6, 20, 3, 33.1, 22.22),
(6, 20, 4, 33.31, 24.61),
(6, 20, 5, 33, 25.52),
(6, 20, 6, 31.06, 25.71),
(6, 20, 7, 30.64, 25.58),
(6, 20, 8, 31.15, 25.92),
(6, 20, 9, 31.83, 25.73),
(6, 20, 10, 31.46, 23.96),
(6, 20, 11, 29.33, 19.1),
(6, 20, 12, 26.55, 14.23),
(6, 21, 1, 25.52, 12.91),
(6, 21, 2, 29.35, 16.87),
(6, 21, 3, 32.91, 22.13),
(6, 21, 4, 33.52, 24.36),
(6, 21, 5, 32.77, 25.58),
(6, 21, 6, 31.09, 26.01),
(6, 21, 7, 30.23, 25.82),
(6, 21, 8, 31.1, 25.92),
(6, 21, 9, 31.7, 25.79),
(6, 21, 10, 31.33, 23.7),
(6, 21, 11, 29.17, 18.86),
(6, 21, 12, 26.39, 13.9),
(6, 22, 1, 25.79, 12.62),
(6, 22, 2, 29.36, 17.05),
(6, 22, 3, 32.98, 22.34),
(6, 22, 4, 33.43, 24.82),
(6, 22, 5, 33.04, 25.57),
(6, 22, 6, 31, 26.01),
(6, 22, 7, 30.44, 25.55),
(6, 22, 8, 30.91, 25.88),
(6, 22, 9, 31.38, 25.63),
(6, 22, 10, 31.52, 23.24),
(6, 22, 11, 29.07, 18.17),
(6, 22, 12, 26.23, 13.78),
(6, 23, 1, 25.69, 12.83),
(6, 23, 2, 29.46, 17.18),
(6, 23, 3, 32.5, 22.3),
(6, 23, 4, 33.27, 24.56),
(6, 23, 5, 33.17, 25.37),
(6, 23, 6, 31.08, 26.11),
(6, 23, 7, 30.68, 25.46),
(6, 23, 8, 31.17, 25.83),
(6, 23, 9, 31.21, 25.61),
(6, 23, 10, 31.58, 23.28),
(6, 23, 11, 29.21, 18.17),
(6, 23, 12, 26.21, 13.78),
(6, 24, 1, 26.03, 13.01),
(6, 24, 2, 29.5, 17.07),
(6, 24, 3, 32.44, 22.41),
(6, 24, 4, 33.49, 24.57),
(6, 24, 5, 32.93, 25.65),
(6, 24, 6, 31.14, 26.13),
(6, 24, 7, 31.02, 25.71);
INSERT INTO `avg_temperature` (`did`, `tdate`, `tmonth`, `maxtemp`, `mintemp`) VALUES
(6, 24, 8, 31.33, 26.1),
(6, 24, 9, 31.3, 25.38),
(6, 24, 10, 31.59, 23.14),
(6, 24, 11, 28.86, 18.31),
(6, 24, 12, 26.38, 13.71),
(6, 25, 1, 25.95, 12.8),
(6, 25, 2, 29.9, 17.42),
(6, 25, 3, 32.55, 22.25),
(6, 25, 4, 33.46, 24.55),
(6, 25, 5, 32.99, 25.73),
(6, 25, 6, 30.7, 25.85),
(6, 25, 7, 31.05, 25.97),
(6, 25, 8, 31.43, 26.16),
(6, 25, 9, 31.48, 25.5),
(6, 25, 10, 31.46, 23),
(6, 25, 11, 28.77, 18.11),
(6, 25, 12, 26.28, 13.52),
(6, 26, 1, 26, 12.7),
(6, 26, 2, 30.05, 18.14),
(6, 26, 3, 32.58, 22.42),
(6, 26, 4, 33.2, 24.65),
(6, 26, 5, 32.75, 25.86),
(6, 26, 6, 30.99, 25.77),
(6, 26, 7, 30.79, 26),
(6, 26, 8, 30.85, 25.79),
(6, 26, 9, 31.53, 25.5),
(6, 26, 10, 31.46, 22.75),
(6, 26, 11, 28.94, 17.73),
(6, 26, 12, 25.93, 13.49),
(6, 27, 1, 26.46, 12.73),
(6, 27, 2, 30.05, 18.2),
(6, 27, 3, 32.66, 22.7),
(6, 27, 4, 33.18, 24.47),
(6, 27, 5, 32.47, 25.08),
(6, 27, 6, 30.82, 25.77),
(6, 27, 7, 30.69, 25.75),
(6, 27, 8, 31, 25.7),
(6, 27, 9, 31.27, 25.28),
(6, 27, 10, 30.94, 22.56),
(6, 27, 11, 28.6, 17.53),
(6, 27, 12, 25.8, 13.43),
(6, 28, 1, 26.75, 13.03),
(6, 28, 2, 30.41, 18.07),
(6, 28, 3, 32.8, 22.5),
(6, 28, 4, 32.99, 24.46),
(6, 28, 5, 32.81, 25.67),
(6, 28, 6, 30.91, 25.93),
(6, 28, 7, 30.64, 25.8),
(6, 28, 8, 31.18, 25.72),
(6, 28, 9, 31.68, 25.27),
(6, 28, 10, 30.76, 22.3),
(6, 28, 11, 28.07, 17.31),
(6, 28, 12, 25.58, 13.31),
(6, 29, 1, 26.75, 13.3),
(6, 29, 2, 29.81, 17.23),
(6, 29, 3, 32.7, 22.77),
(6, 29, 4, 32.83, 24.27),
(6, 29, 5, 32.86, 26.1),
(6, 29, 6, 30.67, 25.75),
(6, 29, 7, 31.07, 25.9),
(6, 29, 8, 31.23, 25.84),
(6, 29, 9, 31.77, 25.3),
(6, 29, 10, 30.75, 22.13),
(6, 29, 11, 28.14, 16.72),
(6, 29, 12, 25.33, 12.8),
(6, 30, 1, 26.7, 13.6),
(6, 30, 3, 32.4, 22.8),
(6, 30, 4, 32.9, 24.2),
(6, 30, 5, 33.4, 25.6),
(6, 30, 6, 30.6, 25.9),
(6, 30, 7, 31, 25.9),
(6, 30, 8, 31.2, 25.8),
(6, 30, 9, 31.8, 25.4),
(6, 30, 10, 30.5, 21.9),
(6, 30, 11, 27.8, 16.4),
(6, 30, 12, 25.3, 12.3),
(6, 31, 1, 27, 14.09),
(6, 31, 3, 32.7, 22.84),
(6, 31, 5, 33.3, 26.01),
(6, 31, 7, 31.1, 25.87),
(6, 31, 8, 31.1, 25.92),
(6, 31, 10, 30.6, 22.19),
(6, 31, 12, 25.3, 12.52),
(7, 1, 1, 22.85, 10.8),
(7, 1, 2, 24.57, 11.95),
(7, 1, 3, 28.26, 15.3),
(7, 1, 4, 32.19, 20.01),
(7, 1, 5, 32.04, 22.15),
(7, 1, 6, 33.21, 24.43),
(7, 1, 7, 31.67, 25.73),
(7, 1, 8, 32.86, 26.63),
(7, 1, 9, 32.32, 25.96),
(7, 1, 10, 31.82, 24.78),
(7, 1, 11, 29.74, 19.8),
(7, 1, 12, 27.1, 14.13),
(7, 2, 1, 22.76, 10.71),
(7, 2, 2, 24.41, 11.94),
(7, 2, 3, 28.26, 15),
(7, 2, 4, 32.01, 19.87),
(7, 2, 5, 31.08, 21.83),
(7, 2, 6, 33.12, 24.63),
(7, 2, 7, 31.98, 25.51),
(7, 2, 8, 32.38, 26.27),
(7, 2, 9, 32.31, 25.94),
(7, 2, 10, 32.05, 24.55),
(7, 2, 11, 29.97, 19.75),
(7, 2, 12, 26.87, 13.94),
(7, 3, 1, 22.43, 10.61),
(7, 3, 2, 24.74, 11.4),
(7, 3, 3, 28.88, 14.74),
(7, 3, 4, 31.91, 19.41),
(7, 3, 5, 31.43, 22),
(7, 3, 6, 32.58, 24.39),
(7, 3, 7, 32.26, 25.51),
(7, 3, 8, 32.61, 26.12),
(7, 3, 9, 31.94, 25.97),
(7, 3, 10, 31.85, 24.51),
(7, 3, 11, 30.34, 19.18),
(7, 3, 12, 26.81, 13.87),
(7, 4, 1, 22.07, 10.6),
(7, 4, 2, 24.61, 11.4),
(7, 4, 3, 29, 14.78),
(7, 4, 4, 32.26, 19.7),
(7, 4, 5, 31.65, 22.29),
(7, 4, 6, 32.16, 24.31),
(7, 4, 7, 31.91, 25.97),
(7, 4, 8, 32.72, 26.32),
(7, 4, 9, 31.59, 25.61),
(7, 4, 10, 31.49, 24.4),
(7, 4, 11, 30.06, 19.29),
(7, 4, 12, 26.71, 13.78),
(7, 5, 1, 22.17, 10.43),
(7, 5, 2, 24.32, 11.7),
(7, 5, 3, 28.69, 15.04),
(7, 5, 4, 33.01, 19.76),
(7, 5, 5, 32.48, 22.6),
(7, 5, 6, 32.33, 24.2),
(7, 5, 7, 32, 25.93),
(7, 5, 8, 32.61, 26.35),
(7, 5, 9, 31.7, 25.58),
(7, 5, 10, 31.48, 24.38),
(7, 5, 11, 30.19, 19.34),
(7, 5, 12, 26.67, 13.57),
(7, 6, 1, 22.7, 10.43),
(7, 6, 2, 25.26, 11.69),
(7, 6, 3, 29.57, 15.26),
(7, 6, 4, 33.32, 20.76),
(7, 6, 5, 31.92, 22.52),
(7, 6, 6, 32.98, 24.61),
(7, 6, 7, 31.5, 25.68),
(7, 6, 8, 32.15, 26.24),
(7, 6, 9, 31.13, 25.59),
(7, 6, 10, 31.28, 24.15),
(7, 6, 11, 30.25, 18.91),
(7, 6, 12, 26.59, 13.76),
(7, 7, 1, 22.82, 10.74),
(7, 7, 2, 25.62, 11.88),
(7, 7, 3, 29.66, 15.68),
(7, 7, 4, 32.92, 20.41),
(7, 7, 5, 31.74, 22.7),
(7, 7, 6, 32.29, 24.37),
(7, 7, 7, 31.76, 25.73),
(7, 7, 8, 33.07, 26.5),
(7, 7, 9, 32.37, 25.58),
(7, 7, 10, 31.21, 24.15),
(7, 7, 11, 30.03, 18.67),
(7, 7, 12, 26.42, 13.72),
(7, 8, 1, 22.79, 10.69),
(7, 8, 2, 25.6, 12.45),
(7, 8, 3, 29.89, 15.51),
(7, 8, 4, 32.71, 20.87),
(7, 8, 5, 32.28, 22.48),
(7, 8, 6, 32.45, 24.84),
(7, 8, 7, 31.77, 25.9),
(7, 8, 8, 33.31, 26.69),
(7, 8, 9, 32.22, 25.91),
(7, 8, 10, 30.42, 23.67),
(7, 8, 11, 29.99, 18.73),
(7, 8, 12, 26.35, 13.69),
(7, 9, 1, 22.08, 10.92),
(7, 9, 2, 25.61, 12.33),
(7, 9, 3, 30.31, 15.85),
(7, 9, 4, 32.27, 20.7),
(7, 9, 5, 32.83, 22.71),
(7, 9, 6, 32.3, 24.94),
(7, 9, 7, 31.79, 25.72),
(7, 9, 8, 32.8, 26.82),
(7, 9, 9, 31.36, 25.68),
(7, 9, 10, 30.83, 23.47),
(7, 9, 11, 29.26, 18.66),
(7, 9, 12, 25.97, 13.73),
(7, 10, 1, 22.87, 10.37),
(7, 10, 2, 25.98, 12.88),
(7, 10, 3, 30.15, 16.29),
(7, 10, 4, 32.74, 20.73),
(7, 10, 5, 32.55, 23.16),
(7, 10, 6, 32.78, 24.74),
(7, 10, 7, 31.53, 25.88),
(7, 10, 8, 33.04, 26.57),
(7, 10, 9, 31.71, 25.44),
(7, 10, 10, 31.06, 23.5),
(7, 10, 11, 28.82, 18.31),
(7, 10, 12, 25.74, 13.78),
(7, 11, 1, 22.81, 10.29),
(7, 11, 2, 26.26, 12.65),
(7, 11, 3, 30.09, 16.96),
(7, 11, 4, 32.49, 21.08),
(7, 11, 5, 32.92, 22.86),
(7, 11, 6, 32.98, 25.17),
(7, 11, 7, 31.19, 25.76),
(7, 11, 8, 32.35, 26.56),
(7, 11, 9, 31.59, 25.21),
(7, 11, 10, 31.44, 23.45),
(7, 11, 11, 28.63, 18.14),
(7, 11, 12, 25.92, 13.6),
(7, 12, 1, 22.45, 10.67),
(7, 12, 2, 26.65, 13.36),
(7, 12, 3, 29.85, 16.77),
(7, 12, 4, 32.82, 20.77),
(7, 12, 5, 32.69, 22.87),
(7, 12, 6, 32.47, 24.96),
(7, 12, 7, 31.25, 25.64),
(7, 12, 8, 32.12, 26.25),
(7, 12, 9, 32.03, 25.26),
(7, 12, 10, 31.52, 23.39),
(7, 12, 11, 28.83, 17.83),
(7, 12, 12, 25.69, 13.29),
(7, 13, 1, 22.59, 10.33),
(7, 13, 2, 26.63, 13.06),
(7, 13, 3, 30.66, 17.07),
(7, 13, 4, 32.53, 21),
(7, 13, 5, 32.84, 23.33),
(7, 13, 6, 32.28, 25.21),
(7, 13, 7, 32.04, 25.6),
(7, 13, 8, 32.02, 26.11),
(7, 13, 9, 31.94, 25.4),
(7, 13, 10, 31.24, 23.4),
(7, 13, 11, 28.59, 17.49),
(7, 13, 12, 25.45, 13.13),
(7, 14, 1, 22.34, 9.96),
(7, 14, 2, 26.04, 13.32),
(7, 14, 3, 30.65, 17.16),
(7, 14, 4, 32.72, 20.8),
(7, 14, 5, 32.78, 23.61),
(7, 14, 6, 32.09, 24.76),
(7, 14, 7, 31.87, 25.84),
(7, 14, 8, 32.22, 26.27),
(7, 14, 9, 32.24, 25.59),
(7, 14, 10, 31.31, 23.3),
(7, 14, 11, 29.14, 17.34),
(7, 14, 12, 25.51, 12.82),
(7, 15, 1, 22.69, 9.93),
(7, 15, 2, 26.23, 13.41),
(7, 15, 3, 31.18, 17.36),
(7, 15, 4, 33.25, 21.81),
(7, 15, 5, 32.01, 23.04),
(7, 15, 6, 32.26, 25.11),
(7, 15, 7, 32.02, 25.9),
(7, 15, 8, 32.09, 26.01),
(7, 15, 9, 32.58, 25.67),
(7, 15, 10, 31.1, 23.29),
(7, 15, 11, 28.48, 17.19),
(7, 15, 12, 25.35, 12.47),
(7, 16, 1, 22.87, 10.55),
(7, 16, 2, 26.9, 13.51),
(7, 16, 3, 30.96, 17.01),
(7, 16, 4, 32.88, 21.77),
(7, 16, 5, 31.87, 23.16),
(7, 16, 6, 32.42, 25.38),
(7, 16, 7, 32.13, 25.9),
(7, 16, 8, 32.46, 26.21),
(7, 16, 9, 32.24, 25.6),
(7, 16, 10, 31.55, 23.11),
(7, 16, 11, 28.82, 17.18),
(7, 16, 12, 25.1, 12.54),
(7, 17, 1, 23.06, 10.65),
(7, 17, 2, 27.25, 13.35),
(7, 17, 3, 31.31, 17.25),
(7, 17, 4, 32.25, 21.98),
(7, 17, 5, 32.25, 23.29),
(7, 17, 6, 32.29, 25.34),
(7, 17, 7, 32.07, 26.13),
(7, 17, 8, 31.82, 26.54),
(7, 17, 9, 31.51, 25.21),
(7, 17, 10, 31.39, 22.81),
(7, 17, 11, 28.79, 17.16),
(7, 17, 12, 25.32, 12.52),
(7, 18, 1, 23.31, 10.37),
(7, 18, 2, 27.06, 13.51),
(7, 18, 3, 31.56, 17.73),
(7, 18, 4, 32.11, 21.29),
(7, 18, 5, 32.85, 23.22),
(7, 18, 6, 31.58, 25.16),
(7, 18, 7, 32.12, 25.97),
(7, 18, 8, 32.08, 26.11),
(7, 18, 9, 31.84, 25.12),
(7, 18, 10, 30.58, 22.34),
(7, 18, 11, 28.73, 16.73),
(7, 18, 12, 25.18, 12.65),
(7, 19, 1, 23.4, 10.37),
(7, 19, 2, 26.94, 13.83),
(7, 19, 3, 31.88, 17.99),
(7, 19, 4, 32.6, 21.53),
(7, 19, 5, 32.58, 23.66),
(7, 19, 6, 31.5, 25.11),
(7, 19, 7, 32.02, 26.1),
(7, 19, 8, 32.31, 26.11),
(7, 19, 9, 32.23, 25.18),
(7, 19, 10, 30.67, 22.14),
(7, 19, 11, 28.51, 16.9),
(7, 19, 12, 24.97, 12.49),
(7, 20, 1, 22.64, 10.51),
(7, 20, 2, 27.07, 13.81),
(7, 20, 3, 31.89, 18.48),
(7, 20, 4, 32.47, 21.71),
(7, 20, 5, 32.12, 23.28),
(7, 20, 6, 32.27, 25.37),
(7, 20, 7, 31.57, 25.72),
(7, 20, 8, 32.1, 26.25),
(7, 20, 9, 32.06, 25.16),
(7, 20, 10, 30.7, 21.84),
(7, 20, 11, 28.46, 16.59),
(7, 20, 12, 24.98, 12.29),
(7, 21, 1, 22.86, 10.55),
(7, 21, 2, 27.19, 13.71),
(7, 21, 3, 31.83, 18.23),
(7, 21, 4, 32.09, 21.3),
(7, 21, 5, 31.9, 23.27),
(7, 21, 6, 32.35, 25.53),
(7, 21, 7, 31.99, 25.58),
(7, 21, 8, 32.34, 26.25),
(7, 21, 9, 31.48, 25.21),
(7, 21, 10, 30.43, 21.59),
(7, 21, 11, 28.32, 16.07),
(7, 21, 12, 24.53, 12.23),
(7, 22, 1, 22.81, 10.25),
(7, 22, 2, 27.19, 13.78),
(7, 22, 3, 31.97, 18.44),
(7, 22, 4, 32.41, 21.69),
(7, 22, 5, 32.03, 23.56),
(7, 22, 6, 31.67, 25.52),
(7, 22, 7, 31.75, 25.9),
(7, 22, 8, 32.03, 26.06),
(7, 22, 9, 31.61, 24.91),
(7, 22, 10, 30.55, 21.21),
(7, 22, 11, 28.04, 15.82),
(7, 22, 12, 24.18, 12.08),
(7, 23, 1, 22.62, 10.72),
(7, 23, 2, 27.25, 14.02),
(7, 23, 3, 31.93, 18.35),
(7, 23, 4, 31.93, 21.85),
(7, 23, 5, 32.84, 23.61),
(7, 23, 6, 31.66, 25.4),
(7, 23, 7, 32.08, 25.9),
(7, 23, 8, 31.94, 26.02),
(7, 23, 9, 31.53, 24.94),
(7, 23, 10, 30.8, 21.35),
(7, 23, 11, 28.25, 15.77),
(7, 23, 12, 24.78, 12.16),
(7, 24, 1, 22.93, 10.7),
(7, 24, 2, 27.58, 14.05),
(7, 24, 3, 31.87, 18.96),
(7, 24, 4, 32.31, 21.44),
(7, 24, 5, 32.28, 24.04),
(7, 24, 6, 31.92, 25.5),
(7, 24, 7, 32.58, 25.99),
(7, 24, 8, 31.68, 26.01),
(7, 24, 9, 31.03, 24.88),
(7, 24, 10, 30.68, 21.17),
(7, 24, 11, 27.61, 15.75),
(7, 24, 12, 24.87, 11.95),
(7, 25, 1, 23.65, 10.42),
(7, 25, 2, 27.56, 14.58),
(7, 25, 3, 31.56, 18.8),
(7, 25, 4, 32.18, 21.81),
(7, 25, 5, 31.83, 23.93),
(7, 25, 6, 32.44, 25.76),
(7, 25, 7, 32.62, 26.14),
(7, 25, 8, 31.78, 26.06),
(7, 25, 9, 31.08, 24.7),
(7, 25, 10, 30.68, 20.68),
(7, 25, 11, 27.78, 15.56),
(7, 25, 12, 24.38, 11.81),
(7, 26, 1, 23.92, 10.55),
(7, 26, 2, 27.87, 14.42),
(7, 26, 3, 31.54, 19.11),
(7, 26, 4, 31.53, 21.86),
(7, 26, 5, 31.94, 23.63),
(7, 26, 6, 32.41, 25.79),
(7, 26, 7, 31.95, 26.08),
(7, 26, 8, 32.13, 25.97),
(7, 26, 9, 31.47, 24.72),
(7, 26, 10, 30.48, 20.44),
(7, 26, 11, 27.97, 15.04),
(7, 26, 12, 24.04, 11.65),
(7, 27, 1, 24.58, 10.71),
(7, 27, 2, 27.74, 14.42),
(7, 27, 3, 31.21, 18.64),
(7, 27, 4, 31.52, 21.69),
(7, 27, 5, 32.12, 23.96),
(7, 27, 6, 32.11, 25.82),
(7, 27, 7, 31.55, 25.94),
(7, 27, 8, 32.25, 25.85),
(7, 27, 9, 31.18, 24.62),
(7, 27, 10, 30.34, 20.11),
(7, 27, 11, 28, 15.02),
(7, 27, 12, 23.71, 11.35),
(7, 28, 1, 24.67, 11.39),
(7, 28, 2, 27.87, 14.59),
(7, 28, 3, 31.61, 18.82),
(7, 28, 4, 31.07, 21.53),
(7, 28, 5, 32.54, 23.9),
(7, 28, 6, 31.71, 25.72),
(7, 28, 7, 32.37, 25.73),
(7, 28, 8, 32.26, 26.02),
(7, 28, 9, 30.86, 24.4),
(7, 28, 10, 30.19, 19.87),
(7, 28, 11, 27.51, 14.77),
(7, 28, 12, 23.45, 11.17),
(7, 29, 1, 24.74, 11.54),
(7, 29, 2, 27.83, 14.18),
(7, 29, 3, 32, 19.15),
(7, 29, 4, 31.14, 22.11),
(7, 29, 5, 32.61, 24.29),
(7, 29, 6, 31.9, 25.68),
(7, 29, 7, 32.01, 26.21),
(7, 29, 8, 31.86, 25.86),
(7, 29, 9, 31.54, 24.19),
(7, 29, 10, 30.36, 19.83),
(7, 29, 11, 27.2, 14.44),
(7, 29, 12, 23.7, 10.74),
(7, 30, 1, 24.6, 11.6),
(7, 30, 3, 31.3, 19.4),
(7, 30, 4, 31.6, 21.6),
(7, 30, 5, 32.6, 24),
(7, 30, 6, 31.8, 25.8),
(7, 30, 7, 31.9, 26.1),
(7, 30, 8, 31.5, 25.9),
(7, 30, 9, 31.9, 24.6),
(7, 30, 10, 30.1, 19.9),
(7, 30, 11, 27.2, 14.4),
(7, 30, 12, 23.5, 10.7),
(7, 31, 1, 24.7, 11.75),
(7, 31, 3, 31.8, 20.04),
(7, 31, 5, 33, 23.88),
(7, 31, 7, 32.5, 26.18),
(7, 31, 8, 32.1, 25.97),
(7, 31, 10, 30.1, 19.95),
(7, 31, 12, 23.6, 10.95);

-- --------------------------------------------------------

--
-- Table structure for table `division_info`
--

CREATE TABLE IF NOT EXISTS `division_info` (
  `did` int(11) NOT NULL,
  `name` varchar(20) DEFAULT NULL,
  PRIMARY KEY (`did`)
) ENGINE=InnoDB DEFAULT CHARSET=latin1;

--
-- Dumping data for table `division_info`
--

INSERT INTO `division_info` (`did`, `name`) VALUES
(1, 'Dhaka'),
(2, 'Chittagong'),
(3, 'Rajshahi'),
(4, 'Khulna'),
(5, 'Sylhet'),
(6, 'Barisal'),
(7, 'Rangpur');

-- --------------------------------------------------------

--
-- Table structure for table `employer`
--

CREATE TABLE IF NOT EXISTS `employer` (
  `id` int(11) NOT NULL AUTO_INCREMENT,
  `name` varchar(50) NOT NULL,
  `designation` varchar(50) NOT NULL,
  PRIMARY KEY (`id`)
) ENGINE=InnoDB  DEFAULT CHARSET=latin1 AUTO_INCREMENT=7 ;

--
-- Dumping data for table `employer`
--

INSERT INTO `employer` (`id`, `name`, `designation`) VALUES
(1, 'kamrul', 'eng'),
(2, 'imtiaz', 'it specilist'),
(4, 'azad', 'eng'),
(5, 'saikat', 'kerani'),
(6, 'rizvi', 'hahahaha');

-- --------------------------------------------------------

--
-- Table structure for table `membership`
--

CREATE TABLE IF NOT EXISTS `membership` (
  `id` int(11) NOT NULL AUTO_INCREMENT,
  `firstname` varchar(20) NOT NULL,
  `lastname` varchar(20) NOT NULL,
  `username` varchar(25) NOT NULL,
  `password` varchar(50) NOT NULL,
  `emailaddress` varchar(40) NOT NULL,
  PRIMARY KEY (`id`)
) ENGINE=InnoDB  DEFAULT CHARSET=latin1 AUTO_INCREMENT=3 ;

--
-- Dumping data for table `membership`
--

INSERT INTO `membership` (`id`, `firstname`, `lastname`, `username`, `password`, `emailaddress`) VALUES
(1, 'Kamrul', 'Hasan', 'kamrul', 'dolly', 'kamrul_hasan209@yahoo.com'),
(2, 'Mehedi', 'Hasan', 'mehedi', 'gadha', 'mehedi_hasan@gmail.com');

-- --------------------------------------------------------

--
-- Table structure for table `temperature`
--

CREATE TABLE IF NOT EXISTS `temperature` (
  `did` int(11) DEFAULT NULL,
  `tdate` date DEFAULT NULL,
  `maxtemp` double DEFAULT NULL,
  `mintemp` double DEFAULT NULL
) ENGINE=InnoDB DEFAULT CHARSET=latin1;

--
-- Dumping data for table `temperature`
--

INSERT INTO `temperature` (`did`, `tdate`, `maxtemp`, `mintemp`) VALUES
(1, '2012-04-22', 29, 23),
(1, '2012-04-21', 26, 21),
(1, '2012-04-20', 30, 22),
(1, '2012-04-19', 31, 23),
(1, '2012-04-18', 33, 24),
(1, '2012-04-17', 26, 19),
(1, '2012-04-16', 29, 21),
(1, '2012-04-15', 30, 22),
(2, '2012-04-22', 32, 22);

-- --------------------------------------------------------

--
-- Table structure for table `wcmessage`
--

CREATE TABLE IF NOT EXISTS `wcmessage` (
  `id` int(11) NOT NULL AUTO_INCREMENT,
  `firstname` varchar(25) CHARACTER SET utf32 COLLATE utf32_unicode_ci NOT NULL,
  `lastname` varchar(25) CHARACTER SET utf32 COLLATE utf32_unicode_ci NOT NULL,
  `designation` varchar(40) CHARACTER SET utf32 COLLATE utf32_unicode_ci NOT NULL,
  `message` text CHARACTER SET utf32 COLLATE utf32_unicode_ci NOT NULL,
  PRIMARY KEY (`id`)
) ENGINE=InnoDB  DEFAULT CHARSET=latin1 AUTO_INCREMENT=3 ;

--
-- Dumping data for table `wcmessage`
--

INSERT INTO `wcmessage` (`id`, `firstname`, `lastname`, `designation`, `message`) VALUES
(2, ' ', '', '', '          ');

/*!40101 SET CHARACTER_SET_CLIENT=@OLD_CHARACTER_SET_CLIENT */;
/*!40101 SET CHARACTER_SET_RESULTS=@OLD_CHARACTER_SET_RESULTS */;
/*!40101 SET COLLATION_CONNECTION=@OLD_COLLATION_CONNECTION */;
